DATAFLOW,LAST UPDATE,freq,s_adj,age,sex,unit,geo,TIME_PERIOD,OBS_VALUE,OBS_FLAG
ESTAT:TEILM010(1.0),16/08/24 11:00:00,M,SA,TOTAL,F,THS_PER,AT,2023-08,111,
ESTAT:TEILM010(1.0),16/08/24 11:00:00,M,SA,TOTAL,F,THS_PER,AT,2023-09,108,
ESTAT:TEILM010(1.0),16/08/24 11:00:00,M,SA,TOTAL,F,THS_PER,AT,2023-10,102,
ESTAT:TEILM010(1.0),16/08/24 11:00:00,M,SA,TOTAL,F,THS_PER,AT,2023-11,96,
ESTAT:TEILM010(1.0),16/08/24 11:00:00,M,SA,TOTAL,F,THS_PER,AT,2023-12,116,
ESTAT:TEILM010(1.0),16/08/24 11:00:00,M,SA,TOTAL,F,THS_PER,AT,2024-01,101,
ESTAT:TEILM010(1.0),16/08/24 11:00:00,M,SA,TOTAL,F,THS_PER,AT,2024-02,96,
ESTAT:TEILM010(1.0),16/08/24 11:00:00,M,SA,TOTAL,F,THS_PER,AT,2024-03,109,
ESTAT:TEILM010(1.0),16/08/24 11:00:00,M,SA,TOTAL,F,THS_PER,AT,2024-04,102,
ESTAT:TEILM010(1.0),16/08/24 11:00:00,M,SA,TOTAL,F,THS_PER,AT,2024-05,101,
ESTAT:TEILM010(1.0),16/08/24 11:00:00,M,SA,TOTAL,F,THS_PER,AT,2024-06,108,
ESTAT:TEILM010(1.0),16/08/24 11:00:00,M,SA,TOTAL,F,THS_PER,BE,2023-08,117,
ESTAT:TEILM010(1.0),16/08/24 11:00:00,M,SA,TOTAL,F,THS_PER,BE,2023-09,126,
ESTAT:TEILM010(1.0),16/08/24 11:00:00,M,SA,TOTAL,F,THS_PER,BE,2023-10,135,
ESTAT:TEILM010(1.0),16/08/24 11:00:00,M,SA,TOTAL,F,THS_PER,BE,2023-11,136,
ESTAT:TEILM010(1.0),16/08/24 11:00:00,M,SA,TOTAL,F,THS_PER,BE,2023-12,135,
ESTAT:TEILM010(1.0),16/08/24 11:00:00,M,SA,TOTAL,F,THS_PER,BE,2024-01,129,
ESTAT:TEILM010(1.0),16/08/24 11:00:00,M,SA,TOTAL,F,THS_PER,BE,2024-02,125,
ESTAT:TEILM010(1.0),16/08/24 11:00:00,M,SA,TOTAL,F,THS_PER,BE,2024-03,123,
ESTAT:TEILM010(1.0),16/08/24 11:00:00,M,SA,TOTAL,F,THS_PER,BE,2024-04,124,
ESTAT:TEILM010(1.0),16/08/24 11:00:00,M,SA,TOTAL,F,THS_PER,BE,2024-05,127,
ESTAT:TEILM010(1.0),16/08/24 11:00:00,M,SA,TOTAL,F,THS_PER,BE,2024-06,128,
ESTAT:TEILM010(1.0),16/08/24 11:00:00,M,SA,TOTAL,F,THS_PER,BG,2023-08,61,
ESTAT:TEILM010(1.0),16/08/24 11:00:00,M,SA,TOTAL,F,THS_PER,BG,2023-09,60,
ESTAT:TEILM010(1.0),16/08/24 11:00:00,M,SA,TOTAL,F,THS_PER,BG,2023-10,61,
ESTAT:TEILM010(1.0),16/08/24 11:00:00,M,SA,TOTAL,F,THS_PER,BG,2023-11,62,
ESTAT:TEILM010(1.0),16/08/24 11:00:00,M,SA,TOTAL,F,THS_PER,BG,2023-12,63,
ESTAT:TEILM010(1.0),16/08/24 11:00:00,M,SA,TOTAL,F,THS_PER,BG,2024-01,65,
ESTAT:TEILM010(1.0),16/08/24 11:00:00,M,SA,TOTAL,F,THS_PER,BG,2024-02,67,
ESTAT:TEILM010(1.0),16/08/24 11:00:00,M,SA,TOTAL,F,THS_PER,BG,2024-03,67,
ESTAT:TEILM010(1.0),16/08/24 11:00:00,M,SA,TOTAL,F,THS_PER,BG,2024-04,66,
ESTAT:TEILM010(1.0),16/08/24 11:00:00,M,SA,TOTAL,F,THS_PER,BG,2024-05,65,
ESTAT:TEILM010(1.0),16/08/24 11:00:00,M,SA,TOTAL,F,THS_PER,BG,2024-06,66,
ESTAT:TEILM010(1.0),16/08/24 11:00:00,M,SA,TOTAL,F,THS_PER,CH,2023-08,104,
ESTAT:TEILM010(1.0),16/08/24 11:00:00,M,SA,TOTAL,F,THS_PER,CH,2023-09,104,
ESTAT:TEILM010(1.0),16/08/24 11:00:00,M,SA,TOTAL,F,THS_PER,CH,2023-10,101,
ESTAT:TEILM010(1.0),16/08/24 11:00:00,M,SA,TOTAL,F,THS_PER,CH,2023-11,101,
ESTAT:TEILM010(1.0),16/08/24 11:00:00,M,SA,TOTAL,F,THS_PER,CH,2023-12,102,
ESTAT:TEILM010(1.0),16/08/24 11:00:00,M,SA,TOTAL,F,THS_PER,CH,2024-01,101,
ESTAT:TEILM010(1.0),16/08/24 11:00:00,M,SA,TOTAL,F,THS_PER,CH,2024-02,102,
ESTAT:TEILM010(1.0),16/08/24 11:00:00,M,SA,TOTAL,F,THS_PER,CH,2024-03,104,
ESTAT:TEILM010(1.0),16/08/24 11:00:00,M,SA,TOTAL,F,THS_PER,CY,2023-08,14,
ESTAT:TEILM010(1.0),16/08/24 11:00:00,M,SA,TOTAL,F,THS_PER,CY,2023-09,14,
ESTAT:TEILM010(1.0),16/08/24 11:00:00,M,SA,TOTAL,F,THS_PER,CY,2023-10,14,
ESTAT:TEILM010(1.0),16/08/24 11:00:00,M,SA,TOTAL,F,THS_PER,CY,2023-11,14,
ESTAT:TEILM010(1.0),16/08/24 11:00:00,M,SA,TOTAL,F,THS_PER,CY,2023-12,14,
ESTAT:TEILM010(1.0),16/08/24 11:00:00,M,SA,TOTAL,F,THS_PER,CY,2024-01,14,
ESTAT:TEILM010(1.0),16/08/24 11:00:00,M,SA,TOTAL,F,THS_PER,CY,2024-02,13,
ESTAT:TEILM010(1.0),16/08/24 11:00:00,M,SA,TOTAL,F,THS_PER,CY,2024-03,12,
ESTAT:TEILM010(1.0),16/08/24 11:00:00,M,SA,TOTAL,F,THS_PER,CY,2024-04,11,
ESTAT:TEILM010(1.0),16/08/24 11:00:00,M,SA,TOTAL,F,THS_PER,CY,2024-05,11,
ESTAT:TEILM010(1.0),16/08/24 11:00:00,M,SA,TOTAL,F,THS_PER,CY,2024-06,11,
ESTAT:TEILM010(1.0),16/08/24 11:00:00,M,SA,TOTAL,F,THS_PER,CZ,2023-08,69,
ESTAT:TEILM010(1.0),16/08/24 11:00:00,M,SA,TOTAL,F,THS_PER,CZ,2023-09,71,
ESTAT:TEILM010(1.0),16/08/24 11:00:00,M,SA,TOTAL,F,THS_PER,CZ,2023-10,83,
ESTAT:TEILM010(1.0),16/08/24 11:00:00,M,SA,TOTAL,F,THS_PER,CZ,2023-11,69,
ESTAT:TEILM010(1.0),16/08/24 11:00:00,M,SA,TOTAL,F,THS_PER,CZ,2023-12,75,
ESTAT:TEILM010(1.0),16/08/24 11:00:00,M,SA,TOTAL,F,THS_PER,CZ,2024-01,84,
ESTAT:TEILM010(1.0),16/08/24 11:00:00,M,SA,TOTAL,F,THS_PER,CZ,2024-02,72,
ESTAT:TEILM010(1.0),16/08/24 11:00:00,M,SA,TOTAL,F,THS_PER,CZ,2024-03,84,
ESTAT:TEILM010(1.0),16/08/24 11:00:00,M,SA,TOTAL,F,THS_PER,CZ,2024-04,77,
ESTAT:TEILM010(1.0),16/08/24 11:00:00,M,SA,TOTAL,F,THS_PER,CZ,2024-05,69,
ESTAT:TEILM010(1.0),16/08/24 11:00:00,M,SA,TOTAL,F,THS_PER,CZ,2024-06,71,
ESTAT:TEILM010(1.0),16/08/24 11:00:00,M,SA,TOTAL,F,THS_PER,DE,2023-08,578,
ESTAT:TEILM010(1.0),16/08/24 11:00:00,M,SA,TOTAL,F,THS_PER,DE,2023-09,586,
ESTAT:TEILM010(1.0),16/08/24 11:00:00,M,SA,TOTAL,F,THS_PER,DE,2023-10,595,
ESTAT:TEILM010(1.0),16/08/24 11:00:00,M,SA,TOTAL,F,THS_PER,DE,2023-11,602,
ESTAT:TEILM010(1.0),16/08/24 11:00:00,M,SA,TOTAL,F,THS_PER,DE,2023-12,607,
ESTAT:TEILM010(1.0),16/08/24 11:00:00,M,SA,TOTAL,F,THS_PER,DE,2024-01,612,
ESTAT:TEILM010(1.0),16/08/24 11:00:00,M,SA,TOTAL,F,THS_PER,DE,2024-02,618,
ESTAT:TEILM010(1.0),16/08/24 11:00:00,M,SA,TOTAL,F,THS_PER,DE,2024-03,623,
ESTAT:TEILM010(1.0),16/08/24 11:00:00,M,SA,TOTAL,F,THS_PER,DE,2024-04,626,
ESTAT:TEILM010(1.0),16/08/24 11:00:00,M,SA,TOTAL,F,THS_PER,DE,2024-05,629,
ESTAT:TEILM010(1.0),16/08/24 11:00:00,M,SA,TOTAL,F,THS_PER,DE,2024-06,629,
ESTAT:TEILM010(1.0),16/08/24 11:00:00,M,SA,TOTAL,F,THS_PER,DK,2023-08,74,
ESTAT:TEILM010(1.0),16/08/24 11:00:00,M,SA,TOTAL,F,THS_PER,DK,2023-09,76,
ESTAT:TEILM010(1.0),16/08/24 11:00:00,M,SA,TOTAL,F,THS_PER,DK,2023-10,97,b
ESTAT:TEILM010(1.0),16/08/24 11:00:00,M,SA,TOTAL,F,THS_PER,DK,2023-11,98,
ESTAT:TEILM010(1.0),16/08/24 11:00:00,M,SA,TOTAL,F,THS_PER,DK,2023-12,96,
ESTAT:TEILM010(1.0),16/08/24 11:00:00,M,SA,TOTAL,F,THS_PER,DK,2024-01,94,
ESTAT:TEILM010(1.0),16/08/24 11:00:00,M,SA,TOTAL,F,THS_PER,DK,2024-02,90,
ESTAT:TEILM010(1.0),16/08/24 11:00:00,M,SA,TOTAL,F,THS_PER,DK,2024-03,89,
ESTAT:TEILM010(1.0),16/08/24 11:00:00,M,SA,TOTAL,F,THS_PER,DK,2024-04,88,
ESTAT:TEILM010(1.0),16/08/24 11:00:00,M,SA,TOTAL,F,THS_PER,DK,2024-05,98,
ESTAT:TEILM010(1.0),16/08/24 11:00:00,M,SA,TOTAL,F,THS_PER,DK,2024-06,96,
ESTAT:TEILM010(1.0),16/08/24 11:00:00,M,SA,TOTAL,F,THS_PER,EA20,2023-08,5478,
ESTAT:TEILM010(1.0),16/08/24 11:00:00,M,SA,TOTAL,F,THS_PER,EA20,2023-09,5534,
ESTAT:TEILM010(1.0),16/08/24 11:00:00,M,SA,TOTAL,F,THS_PER,EA20,2023-10,5557,
ESTAT:TEILM010(1.0),16/08/24 11:00:00,M,SA,TOTAL,F,THS_PER,EA20,2023-11,5488,
ESTAT:TEILM010(1.0),16/08/24 11:00:00,M,SA,TOTAL,F,THS_PER,EA20,2023-12,5495,
ESTAT:TEILM010(1.0),16/08/24 11:00:00,M,SA,TOTAL,F,THS_PER,EA20,2024-01,5507,
ESTAT:TEILM010(1.0),16/08/24 11:00:00,M,SA,TOTAL,F,THS_PER,EA20,2024-02,5519,
ESTAT:TEILM010(1.0),16/08/24 11:00:00,M,SA,TOTAL,F,THS_PER,EA20,2024-03,5513,
ESTAT:TEILM010(1.0),16/08/24 11:00:00,M,SA,TOTAL,F,THS_PER,EA20,2024-04,5431,
ESTAT:TEILM010(1.0),16/08/24 11:00:00,M,SA,TOTAL,F,THS_PER,EA20,2024-05,5432,
ESTAT:TEILM010(1.0),16/08/24 11:00:00,M,SA,TOTAL,F,THS_PER,EA20,2024-06,5446,
ESTAT:TEILM010(1.0),16/08/24 11:00:00,M,SA,TOTAL,F,THS_PER,EE,2023-08,29,
ESTAT:TEILM010(1.0),16/08/24 11:00:00,M,SA,TOTAL,F,THS_PER,EE,2023-09,26,
ESTAT:TEILM010(1.0),16/08/24 11:00:00,M,SA,TOTAL,F,THS_PER,EE,2023-10,24,
ESTAT:TEILM010(1.0),16/08/24 11:00:00,M,SA,TOTAL,F,THS_PER,EE,2023-11,25,
ESTAT:TEILM010(1.0),16/08/24 11:00:00,M,SA,TOTAL,F,THS_PER,EE,2023-12,27,
ESTAT:TEILM010(1.0),16/08/24 11:00:00,M,SA,TOTAL,F,THS_PER,EE,2024-01,29,
ESTAT:TEILM010(1.0),16/08/24 11:00:00,M,SA,TOTAL,F,THS_PER,EE,2024-02,29,
ESTAT:TEILM010(1.0),16/08/24 11:00:00,M,SA,TOTAL,F,THS_PER,EE,2024-03,31,
ESTAT:TEILM010(1.0),16/08/24 11:00:00,M,SA,TOTAL,F,THS_PER,EE,2024-04,31,
ESTAT:TEILM010(1.0),16/08/24 11:00:00,M,SA,TOTAL,F,THS_PER,EE,2024-05,29,
ESTAT:TEILM010(1.0),16/08/24 11:00:00,M,SA,TOTAL,F,THS_PER,EE,2024-06,29,
ESTAT:TEILM010(1.0),16/08/24 11:00:00,M,SA,TOTAL,F,THS_PER,EL,2023-08,295,
ESTAT:TEILM010(1.0),16/08/24 11:00:00,M,SA,TOTAL,F,THS_PER,EL,2023-09,291,
ESTAT:TEILM010(1.0),16/08/24 11:00:00,M,SA,TOTAL,F,THS_PER,EL,2023-10,286,
ESTAT:TEILM010(1.0),16/08/24 11:00:00,M,SA,TOTAL,F,THS_PER,EL,2023-11,280,
ESTAT:TEILM010(1.0),16/08/24 11:00:00,M,SA,TOTAL,F,THS_PER,EL,2023-12,286,
ESTAT:TEILM010(1.0),16/08/24 11:00:00,M,SA,TOTAL,F,THS_PER,EL,2024-01,299,
ESTAT:TEILM010(1.0),16/08/24 11:00:00,M,SA,TOTAL,F,THS_PER,EL,2024-02,297,
ESTAT:TEILM010(1.0),16/08/24 11:00:00,M,SA,TOTAL,F,THS_PER,EL,2024-03,298,
ESTAT:TEILM010(1.0),16/08/24 11:00:00,M,SA,TOTAL,F,THS_PER,EL,2024-04,282,
ESTAT:TEILM010(1.0),16/08/24 11:00:00,M,SA,TOTAL,F,THS_PER,EL,2024-05,280,
ESTAT:TEILM010(1.0),16/08/24 11:00:00,M,SA,TOTAL,F,THS_PER,EL,2024-06,261,
ESTAT:TEILM010(1.0),16/08/24 11:00:00,M,SA,TOTAL,F,THS_PER,ES,2023-08,1556,
ESTAT:TEILM010(1.0),16/08/24 11:00:00,M,SA,TOTAL,F,THS_PER,ES,2023-09,1556,
ESTAT:TEILM010(1.0),16/08/24 11:00:00,M,SA,TOTAL,F,THS_PER,ES,2023-10,1550,
ESTAT:TEILM010(1.0),16/08/24 11:00:00,M,SA,TOTAL,F,THS_PER,ES,2023-11,1535,
ESTAT:TEILM010(1.0),16/08/24 11:00:00,M,SA,TOTAL,F,THS_PER,ES,2023-12,1531,
ESTAT:TEILM010(1.0),16/08/24 11:00:00,M,SA,TOTAL,F,THS_PER,ES,2024-01,1522,
ESTAT:TEILM010(1.0),16/08/24 11:00:00,M,SA,TOTAL,F,THS_PER,ES,2024-02,1511,
ESTAT:TEILM010(1.0),16/08/24 11:00:00,M,SA,TOTAL,F,THS_PER,ES,2024-03,1509,
ESTAT:TEILM010(1.0),16/08/24 11:00:00,M,SA,TOTAL,F,THS_PER,ES,2024-04,1513,
ESTAT:TEILM010(1.0),16/08/24 11:00:00,M,SA,TOTAL,F,THS_PER,ES,2024-05,1515,
ESTAT:TEILM010(1.0),16/08/24 11:00:00,M,SA,TOTAL,F,THS_PER,ES,2024-06,1509,
ESTAT:TEILM010(1.0),16/08/24 11:00:00,M,SA,TOTAL,F,THS_PER,EU27_2020,2023-08,6419,
ESTAT:TEILM010(1.0),16/08/24 11:00:00,M,SA,TOTAL,F,THS_PER,EU27_2020,2023-09,6490,
ESTAT:TEILM010(1.0),16/08/24 11:00:00,M,SA,TOTAL,F,THS_PER,EU27_2020,2023-10,6545,
ESTAT:TEILM010(1.0),16/08/24 11:00:00,M,SA,TOTAL,F,THS_PER,EU27_2020,2023-11,6471,
ESTAT:TEILM010(1.0),16/08/24 11:00:00,M,SA,TOTAL,F,THS_PER,EU27_2020,2023-12,6493,
ESTAT:TEILM010(1.0),16/08/24 11:00:00,M,SA,TOTAL,F,THS_PER,EU27_2020,2024-01,6518,
ESTAT:TEILM010(1.0),16/08/24 11:00:00,M,SA,TOTAL,F,THS_PER,EU27_2020,2024-02,6493,
ESTAT:TEILM010(1.0),16/08/24 11:00:00,M,SA,TOTAL,F,THS_PER,EU27_2020,2024-03,6525,
ESTAT:TEILM010(1.0),16/08/24 11:00:00,M,SA,TOTAL,F,THS_PER,EU27_2020,2024-04,6434,
ESTAT:TEILM010(1.0),16/08/24 11:00:00,M,SA,TOTAL,F,THS_PER,EU27_2020,2024-05,6444,
ESTAT:TEILM010(1.0),16/08/24 11:00:00,M,SA,TOTAL,F,THS_PER,EU27_2020,2024-06,6459,
ESTAT:TEILM010(1.0),16/08/24 11:00:00,M,SA,TOTAL,F,THS_PER,FI,2023-08,88,
ESTAT:TEILM010(1.0),16/08/24 11:00:00,M,SA,TOTAL,F,THS_PER,FI,2023-09,93,
ESTAT:TEILM010(1.0),16/08/24 11:00:00,M,SA,TOTAL,F,THS_PER,FI,2023-10,100,
ESTAT:TEILM010(1.0),16/08/24 11:00:00,M,SA,TOTAL,F,THS_PER,FI,2023-11,93,
ESTAT:TEILM010(1.0),16/08/24 11:00:00,M,SA,TOTAL,F,THS_PER,FI,2023-12,94,
ESTAT:TEILM010(1.0),16/08/24 11:00:00,M,SA,TOTAL,F,THS_PER,FI,2024-01,96,
ESTAT:TEILM010(1.0),16/08/24 11:00:00,M,SA,TOTAL,F,THS_PER,FI,2024-02,98,
ESTAT:TEILM010(1.0),16/08/24 11:00:00,M,SA,TOTAL,F,THS_PER,FI,2024-03,103,
ESTAT:TEILM010(1.0),16/08/24 11:00:00,M,SA,TOTAL,F,THS_PER,FI,2024-04,97,
ESTAT:TEILM010(1.0),16/08/24 11:00:00,M,SA,TOTAL,F,THS_PER,FI,2024-05,99,
ESTAT:TEILM010(1.0),16/08/24 11:00:00,M,SA,TOTAL,F,THS_PER,FI,2024-06,100,
ESTAT:TEILM010(1.0),16/08/24 11:00:00,M,SA,TOTAL,F,THS_PER,FR,2023-08,1105,
ESTAT:TEILM010(1.0),16/08/24 11:00:00,M,SA,TOTAL,F,THS_PER,FR,2023-09,1100,
ESTAT:TEILM010(1.0),16/08/24 11:00:00,M,SA,TOTAL,F,THS_PER,FR,2023-10,1114,
ESTAT:TEILM010(1.0),16/08/24 11:00:00,M,SA,TOTAL,F,THS_PER,FR,2023-11,1119,
ESTAT:TEILM010(1.0),16/08/24 11:00:00,M,SA,TOTAL,F,THS_PER,FR,2023-12,1125,
ESTAT:TEILM010(1.0),16/08/24 11:00:00,M,SA,TOTAL,F,THS_PER,FR,2024-01,1118,
ESTAT:TEILM010(1.0),16/08/24 11:00:00,M,SA,TOTAL,F,THS_PER,FR,2024-02,1113,
ESTAT:TEILM010(1.0),16/08/24 11:00:00,M,SA,TOTAL,F,THS_PER,FR,2024-03,1107,
ESTAT:TEILM010(1.0),16/08/24 11:00:00,M,SA,TOTAL,F,THS_PER,FR,2024-04,1098,
ESTAT:TEILM010(1.0),16/08/24 11:00:00,M,SA,TOTAL,F,THS_PER,FR,2024-05,1107,
ESTAT:TEILM010(1.0),16/08/24 11:00:00,M,SA,TOTAL,F,THS_PER,FR,2024-06,1116,
ESTAT:TEILM010(1.0),16/08/24 11:00:00,M,SA,TOTAL,F,THS_PER,HR,2023-08,54,
ESTAT:TEILM010(1.0),16/08/24 11:00:00,M,SA,TOTAL,F,THS_PER,HR,2023-09,54,
ESTAT:TEILM010(1.0),16/08/24 11:00:00,M,SA,TOTAL,F,THS_PER,HR,2023-10,53,
ESTAT:TEILM010(1.0),16/08/24 11:00:00,M,SA,TOTAL,F,THS_PER,HR,2023-11,52,
ESTAT:TEILM010(1.0),16/08/24 11:00:00,M,SA,TOTAL,F,THS_PER,HR,2023-12,52,
ESTAT:TEILM010(1.0),16/08/24 11:00:00,M,SA,TOTAL,F,THS_PER,HR,2024-01,51,
ESTAT:TEILM010(1.0),16/08/24 11:00:00,M,SA,TOTAL,F,THS_PER,HR,2024-02,50,
ESTAT:TEILM010(1.0),16/08/24 11:00:00,M,SA,TOTAL,F,THS_PER,HR,2024-03,49,
ESTAT:TEILM010(1.0),16/08/24 11:00:00,M,SA,TOTAL,F,THS_PER,HR,2024-04,48,
ESTAT:TEILM010(1.0),16/08/24 11:00:00,M,SA,TOTAL,F,THS_PER,HR,2024-05,46,
ESTAT:TEILM010(1.0),16/08/24 11:00:00,M,SA,TOTAL,F,THS_PER,HR,2024-06,45,
ESTAT:TEILM010(1.0),16/08/24 11:00:00,M,SA,TOTAL,F,THS_PER,HU,2023-08,95,
ESTAT:TEILM010(1.0),16/08/24 11:00:00,M,SA,TOTAL,F,THS_PER,HU,2023-09,93,
ESTAT:TEILM010(1.0),16/08/24 11:00:00,M,SA,TOTAL,F,THS_PER,HU,2023-10,96,
ESTAT:TEILM010(1.0),16/08/24 11:00:00,M,SA,TOTAL,F,THS_PER,HU,2023-11,97,
ESTAT:TEILM010(1.0),16/08/24 11:00:00,M,SA,TOTAL,F,THS_PER,HU,2023-12,99,
ESTAT:TEILM010(1.0),16/08/24 11:00:00,M,SA,TOTAL,F,THS_PER,HU,2024-01,99,
ESTAT:TEILM010(1.0),16/08/24 11:00:00,M,SA,TOTAL,F,THS_PER,HU,2024-02,102,
ESTAT:TEILM010(1.0),16/08/24 11:00:00,M,SA,TOTAL,F,THS_PER,HU,2024-03,100,
ESTAT:TEILM010(1.0),16/08/24 11:00:00,M,SA,TOTAL,F,THS_PER,HU,2024-04,100,
ESTAT:TEILM010(1.0),16/08/24 11:00:00,M,SA,TOTAL,F,THS_PER,HU,2024-05,100,
ESTAT:TEILM010(1.0),16/08/24 11:00:00,M,SA,TOTAL,F,THS_PER,HU,2024-06,101,
ESTAT:TEILM010(1.0),16/08/24 11:00:00,M,SA,TOTAL,F,THS_PER,IE,2023-08,54,
ESTAT:TEILM010(1.0),16/08/24 11:00:00,M,SA,TOTAL,F,THS_PER,IE,2023-09,59,
ESTAT:TEILM010(1.0),16/08/24 11:00:00,M,SA,TOTAL,F,THS_PER,IE,2023-10,61,
ESTAT:TEILM010(1.0),16/08/24 11:00:00,M,SA,TOTAL,F,THS_PER,IE,2023-11,62,
ESTAT:TEILM010(1.0),16/08/24 11:00:00,M,SA,TOTAL,F,THS_PER,IE,2023-12,63,
ESTAT:TEILM010(1.0),16/08/24 11:00:00,M,SA,TOTAL,F,THS_PER,IE,2024-01,63,
ESTAT:TEILM010(1.0),16/08/24 11:00:00,M,SA,TOTAL,F,THS_PER,IE,2024-02,58,
ESTAT:TEILM010(1.0),16/08/24 11:00:00,M,SA,TOTAL,F,THS_PER,IE,2024-03,58,
ESTAT:TEILM010(1.0),16/08/24 11:00:00,M,SA,TOTAL,F,THS_PER,IE,2024-04,59,
ESTAT:TEILM010(1.0),16/08/24 11:00:00,M,SA,TOTAL,F,THS_PER,IE,2024-05,60,
ESTAT:TEILM010(1.0),16/08/24 11:00:00,M,SA,TOTAL,F,THS_PER,IE,2024-06,61,
ESTAT:TEILM010(1.0),16/08/24 11:00:00,M,SA,TOTAL,F,THS_PER,IE,2024-07,65,
ESTAT:TEILM010(1.0),16/08/24 11:00:00,M,SA,TOTAL,F,THS_PER,IS,2023-08,3,
ESTAT:TEILM010(1.0),16/08/24 11:00:00,M,SA,TOTAL,F,THS_PER,IS,2023-09,3,
ESTAT:TEILM010(1.0),16/08/24 11:00:00,M,SA,TOTAL,F,THS_PER,IS,2023-10,3,
ESTAT:TEILM010(1.0),16/08/24 11:00:00,M,SA,TOTAL,F,THS_PER,IS,2023-11,3,
ESTAT:TEILM010(1.0),16/08/24 11:00:00,M,SA,TOTAL,F,THS_PER,IS,2023-12,5,
ESTAT:TEILM010(1.0),16/08/24 11:00:00,M,SA,TOTAL,F,THS_PER,IS,2024-01,3,
ESTAT:TEILM010(1.0),16/08/24 11:00:00,M,SA,TOTAL,F,THS_PER,IS,2024-02,3,
ESTAT:TEILM010(1.0),16/08/24 11:00:00,M,SA,TOTAL,F,THS_PER,IT,2023-08,937,
ESTAT:TEILM010(1.0),16/08/24 11:00:00,M,SA,TOTAL,F,THS_PER,IT,2023-09,969,
ESTAT:TEILM010(1.0),16/08/24 11:00:00,M,SA,TOTAL,F,THS_PER,IT,2023-10,978,
ESTAT:TEILM010(1.0),16/08/24 11:00:00,M,SA,TOTAL,F,THS_PER,IT,2023-11,938,
ESTAT:TEILM010(1.0),16/08/24 11:00:00,M,SA,TOTAL,F,THS_PER,IT,2023-12,906,
ESTAT:TEILM010(1.0),16/08/24 11:00:00,M,SA,TOTAL,F,THS_PER,IT,2024-01,908,
ESTAT:TEILM010(1.0),16/08/24 11:00:00,M,SA,TOTAL,F,THS_PER,IT,2024-02,934,
ESTAT:TEILM010(1.0),16/08/24 11:00:00,M,SA,TOTAL,F,THS_PER,IT,2024-03,920,
ESTAT:TEILM010(1.0),16/08/24 11:00:00,M,SA,TOTAL,F,THS_PER,IT,2024-04,877,
ESTAT:TEILM010(1.0),16/08/24 11:00:00,M,SA,TOTAL,F,THS_PER,IT,2024-05,867,
ESTAT:TEILM010(1.0),16/08/24 11:00:00,M,SA,TOTAL,F,THS_PER,IT,2024-06,881,
ESTAT:TEILM010(1.0),16/08/24 11:00:00,M,SA,TOTAL,F,THS_PER,JP,2023-08,750,
ESTAT:TEILM010(1.0),16/08/24 11:00:00,M,SA,TOTAL,F,THS_PER,JP,2023-09,730,
ESTAT:TEILM010(1.0),16/08/24 11:00:00,M,SA,TOTAL,F,THS_PER,JP,2023-10,770,
ESTAT:TEILM010(1.0),16/08/24 11:00:00,M,SA,TOTAL,F,THS_PER,JP,2023-11,750,
ESTAT:TEILM010(1.0),16/08/24 11:00:00,M,SA,TOTAL,F,THS_PER,JP,2023-12,670,
ESTAT:TEILM010(1.0),16/08/24 11:00:00,M,SA,TOTAL,F,THS_PER,JP,2024-01,730,
ESTAT:TEILM010(1.0),16/08/24 11:00:00,M,SA,TOTAL,F,THS_PER,JP,2024-02,810,
ESTAT:TEILM010(1.0),16/08/24 11:00:00,M,SA,TOTAL,F,THS_PER,JP,2024-03,810,
ESTAT:TEILM010(1.0),16/08/24 11:00:00,M,SA,TOTAL,F,THS_PER,JP,2024-04,760,
ESTAT:TEILM010(1.0),16/08/24 11:00:00,M,SA,TOTAL,F,THS_PER,JP,2024-05,740,
ESTAT:TEILM010(1.0),16/08/24 11:00:00,M,SA,TOTAL,F,THS_PER,JP,2024-06,770,
ESTAT:TEILM010(1.0),16/08/24 11:00:00,M,SA,TOTAL,F,THS_PER,LT,2023-08,48,
ESTAT:TEILM010(1.0),16/08/24 11:00:00,M,SA,TOTAL,F,THS_PER,LT,2023-09,50,
ESTAT:TEILM010(1.0),16/08/24 11:00:00,M,SA,TOTAL,F,THS_PER,LT,2023-10,50,
ESTAT:TEILM010(1.0),16/08/24 11:00:00,M,SA,TOTAL,F,THS_PER,LT,2023-11,50,
ESTAT:TEILM010(1.0),16/08/24 11:00:00,M,SA,TOTAL,F,THS_PER,LT,2023-12,49,
ESTAT:TEILM010(1.0),16/08/24 11:00:00,M,SA,TOTAL,F,THS_PER,LT,2024-01,54,
ESTAT:TEILM010(1.0),16/08/24 11:00:00,M,SA,TOTAL,F,THS_PER,LT,2024-02,56,
ESTAT:TEILM010(1.0),16/08/24 11:00:00,M,SA,TOTAL,F,THS_PER,LT,2024-03,56,
ESTAT:TEILM010(1.0),16/08/24 11:00:00,M,SA,TOTAL,F,THS_PER,LT,2024-04,56,
ESTAT:TEILM010(1.0),16/08/24 11:00:00,M,SA,TOTAL,F,THS_PER,LT,2024-05,59,
ESTAT:TEILM010(1.0),16/08/24 11:00:00,M,SA,TOTAL,F,THS_PER,LT,2024-06,65,
ESTAT:TEILM010(1.0),16/08/24 11:00:00,M,SA,TOTAL,F,THS_PER,LU,2023-08,9,
ESTAT:TEILM010(1.0),16/08/24 11:00:00,M,SA,TOTAL,F,THS_PER,LU,2023-09,9,
ESTAT:TEILM010(1.0),16/08/24 11:00:00,M,SA,TOTAL,F,THS_PER,LU,2023-10,9,
ESTAT:TEILM010(1.0),16/08/24 11:00:00,M,SA,TOTAL,F,THS_PER,LU,2023-11,9,
ESTAT:TEILM010(1.0),16/08/24 11:00:00,M,SA,TOTAL,F,THS_PER,LU,2023-12,9,
ESTAT:TEILM010(1.0),16/08/24 11:00:00,M,SA,TOTAL,F,THS_PER,LU,2024-01,9,
ESTAT:TEILM010(1.0),16/08/24 11:00:00,M,SA,TOTAL,F,THS_PER,LU,2024-02,9,
ESTAT:TEILM010(1.0),16/08/24 11:00:00,M,SA,TOTAL,F,THS_PER,LU,2024-03,9,
ESTAT:TEILM010(1.0),16/08/24 11:00:00,M,SA,TOTAL,F,THS_PER,LU,2024-04,9,
ESTAT:TEILM010(1.0),16/08/24 11:00:00,M,SA,TOTAL,F,THS_PER,LU,2024-05,9,
ESTAT:TEILM010(1.0),16/08/24 11:00:00,M,SA,TOTAL,F,THS_PER,LU,2024-06,9,
ESTAT:TEILM010(1.0),16/08/24 11:00:00,M,SA,TOTAL,F,THS_PER,LV,2023-08,25,
ESTAT:TEILM010(1.0),16/08/24 11:00:00,M,SA,TOTAL,F,THS_PER,LV,2023-09,26,
ESTAT:TEILM010(1.0),16/08/24 11:00:00,M,SA,TOTAL,F,THS_PER,LV,2023-10,28,
ESTAT:TEILM010(1.0),16/08/24 11:00:00,M,SA,TOTAL,F,THS_PER,LV,2023-11,29,
ESTAT:TEILM010(1.0),16/08/24 11:00:00,M,SA,TOTAL,F,THS_PER,LV,2023-12,30,
ESTAT:TEILM010(1.0),16/08/24 11:00:00,M,SA,TOTAL,F,THS_PER,LV,2024-01,29,
ESTAT:TEILM010(1.0),16/08/24 11:00:00,M,SA,TOTAL,F,THS_PER,LV,2024-02,30,
ESTAT:TEILM010(1.0),16/08/24 11:00:00,M,SA,TOTAL,F,THS_PER,LV,2024-03,31,
ESTAT:TEILM010(1.0),16/08/24 11:00:00,M,SA,TOTAL,F,THS_PER,LV,2024-04,32,
ESTAT:TEILM010(1.0),16/08/24 11:00:00,M,SA,TOTAL,F,THS_PER,LV,2024-05,32,
ESTAT:TEILM010(1.0),16/08/24 11:00:00,M,SA,TOTAL,F,THS_PER,LV,2024-06,31,
ESTAT:TEILM010(1.0),16/08/24 11:00:00,M,SA,TOTAL,F,THS_PER,MT,2023-08,4,
ESTAT:TEILM010(1.0),16/08/24 11:00:00,M,SA,TOTAL,F,THS_PER,MT,2023-09,4,
ESTAT:TEILM010(1.0),16/08/24 11:00:00,M,SA,TOTAL,F,THS_PER,MT,2023-10,4,
ESTAT:TEILM010(1.0),16/08/24 11:00:00,M,SA,TOTAL,F,THS_PER,MT,2023-11,4,
ESTAT:TEILM010(1.0),16/08/24 11:00:00,M,SA,TOTAL,F,THS_PER,MT,2023-12,4,
ESTAT:TEILM010(1.0),16/08/24 11:00:00,M,SA,TOTAL,F,THS_PER,MT,2024-01,4,
ESTAT:TEILM010(1.0),16/08/24 11:00:00,M,SA,TOTAL,F,THS_PER,MT,2024-02,3,
ESTAT:TEILM010(1.0),16/08/24 11:00:00,M,SA,TOTAL,F,THS_PER,MT,2024-03,3,
ESTAT:TEILM010(1.0),16/08/24 11:00:00,M,SA,TOTAL,F,THS_PER,MT,2024-04,3,
ESTAT:TEILM010(1.0),16/08/24 11:00:00,M,SA,TOTAL,F,THS_PER,MT,2024-05,3,
ESTAT:TEILM010(1.0),16/08/24 11:00:00,M,SA,TOTAL,F,THS_PER,MT,2024-06,3,
ESTAT:TEILM010(1.0),16/08/24 11:00:00,M,SA,TOTAL,F,THS_PER,NL,2023-08,178,
ESTAT:TEILM010(1.0),16/08/24 11:00:00,M,SA,TOTAL,F,THS_PER,NL,2023-09,182,
ESTAT:TEILM010(1.0),16/08/24 11:00:00,M,SA,TOTAL,F,THS_PER,NL,2023-10,173,
ESTAT:TEILM010(1.0),16/08/24 11:00:00,M,SA,TOTAL,F,THS_PER,NL,2023-11,171,
ESTAT:TEILM010(1.0),16/08/24 11:00:00,M,SA,TOTAL,F,THS_PER,NL,2023-12,175,
ESTAT:TEILM010(1.0),16/08/24 11:00:00,M,SA,TOTAL,F,THS_PER,NL,2024-01,181,
ESTAT:TEILM010(1.0),16/08/24 11:00:00,M,SA,TOTAL,F,THS_PER,NL,2024-02,187,
ESTAT:TEILM010(1.0),16/08/24 11:00:00,M,SA,TOTAL,F,THS_PER,NL,2024-03,181,
ESTAT:TEILM010(1.0),16/08/24 11:00:00,M,SA,TOTAL,F,THS_PER,NL,2024-04,183,
ESTAT:TEILM010(1.0),16/08/24 11:00:00,M,SA,TOTAL,F,THS_PER,NL,2024-05,179,
ESTAT:TEILM010(1.0),16/08/24 11:00:00,M,SA,TOTAL,F,THS_PER,NL,2024-06,182,
ESTAT:TEILM010(1.0),16/08/24 11:00:00,M,SA,TOTAL,F,THS_PER,NL,2024-07,186,
ESTAT:TEILM010(1.0),16/08/24 11:00:00,M,SA,TOTAL,F,THS_PER,NO,2023-08,50,
ESTAT:TEILM010(1.0),16/08/24 11:00:00,M,SA,TOTAL,F,THS_PER,NO,2023-09,48,
ESTAT:TEILM010(1.0),16/08/24 11:00:00,M,SA,TOTAL,F,THS_PER,NO,2023-10,50,
ESTAT:TEILM010(1.0),16/08/24 11:00:00,M,SA,TOTAL,F,THS_PER,NO,2023-11,52,
ESTAT:TEILM010(1.0),16/08/24 11:00:00,M,SA,TOTAL,F,THS_PER,NO,2023-12,49,
ESTAT:TEILM010(1.0),16/08/24 11:00:00,M,SA,TOTAL,F,THS_PER,NO,2024-01,59,
ESTAT:TEILM010(1.0),16/08/24 11:00:00,M,SA,TOTAL,F,THS_PER,NO,2024-02,46,
ESTAT:TEILM010(1.0),16/08/24 11:00:00,M,SA,TOTAL,F,THS_PER,NO,2024-03,54,
ESTAT:TEILM010(1.0),16/08/24 11:00:00,M,SA,TOTAL,F,THS_PER,NO,2024-04,58,
ESTAT:TEILM010(1.0),16/08/24 11:00:00,M,SA,TOTAL,F,THS_PER,NO,2024-05,55,
ESTAT:TEILM010(1.0),16/08/24 11:00:00,M,SA,TOTAL,F,THS_PER,NO,2024-06,55,
ESTAT:TEILM010(1.0),16/08/24 11:00:00,M,SA,TOTAL,F,THS_PER,PL,2023-08,232,
ESTAT:TEILM010(1.0),16/08/24 11:00:00,M,SA,TOTAL,F,THS_PER,PL,2023-09,242,
ESTAT:TEILM010(1.0),16/08/24 11:00:00,M,SA,TOTAL,F,THS_PER,PL,2023-10,259,
ESTAT:TEILM010(1.0),16/08/24 11:00:00,M,SA,TOTAL,F,THS_PER,PL,2023-11,265,
ESTAT:TEILM010(1.0),16/08/24 11:00:00,M,SA,TOTAL,F,THS_PER,PL,2023-12,265,
ESTAT:TEILM010(1.0),16/08/24 11:00:00,M,SA,TOTAL,F,THS_PER,PL,2024-01,257,
ESTAT:TEILM010(1.0),16/08/24 11:00:00,M,SA,TOTAL,F,THS_PER,PL,2024-02,257,
ESTAT:TEILM010(1.0),16/08/24 11:00:00,M,SA,TOTAL,F,THS_PER,PL,2024-03,261,
ESTAT:TEILM010(1.0),16/08/24 11:00:00,M,SA,TOTAL,F,THS_PER,PL,2024-04,262,
ESTAT:TEILM010(1.0),16/08/24 11:00:00,M,SA,TOTAL,F,THS_PER,PL,2024-05,264,
ESTAT:TEILM010(1.0),16/08/24 11:00:00,M,SA,TOTAL,F,THS_PER,PL,2024-06,266,
ESTAT:TEILM010(1.0),16/08/24 11:00:00,M,SA,TOTAL,F,THS_PER,PT,2023-08,179,
ESTAT:TEILM010(1.0),16/08/24 11:00:00,M,SA,TOTAL,F,THS_PER,PT,2023-09,185,
ESTAT:TEILM010(1.0),16/08/24 11:00:00,M,SA,TOTAL,F,THS_PER,PT,2023-10,189,
ESTAT:TEILM010(1.0),16/08/24 11:00:00,M,SA,TOTAL,F,THS_PER,PT,2023-11,181,
ESTAT:TEILM010(1.0),16/08/24 11:00:00,M,SA,TOTAL,F,THS_PER,PT,2023-12,180,
ESTAT:TEILM010(1.0),16/08/24 11:00:00,M,SA,TOTAL,F,THS_PER,PT,2024-01,189,
ESTAT:TEILM010(1.0),16/08/24 11:00:00,M,SA,TOTAL,F,THS_PER,PT,2024-02,194,
ESTAT:TEILM010(1.0),16/08/24 11:00:00,M,SA,TOTAL,F,THS_PER,PT,2024-03,196,
ESTAT:TEILM010(1.0),16/08/24 11:00:00,M,SA,TOTAL,F,THS_PER,PT,2024-04,189,
ESTAT:TEILM010(1.0),16/08/24 11:00:00,M,SA,TOTAL,F,THS_PER,PT,2024-05,187,
ESTAT:TEILM010(1.0),16/08/24 11:00:00,M,SA,TOTAL,F,THS_PER,PT,2024-06,186,
ESTAT:TEILM010(1.0),16/08/24 11:00:00,M,SA,TOTAL,F,THS_PER,RO,2023-08,176,
ESTAT:TEILM010(1.0),16/08/24 11:00:00,M,SA,TOTAL,F,THS_PER,RO,2023-09,174,
ESTAT:TEILM010(1.0),16/08/24 11:00:00,M,SA,TOTAL,F,THS_PER,RO,2023-10,176,
ESTAT:TEILM010(1.0),16/08/24 11:00:00,M,SA,TOTAL,F,THS_PER,RO,2023-11,177,
ESTAT:TEILM010(1.0),16/08/24 11:00:00,M,SA,TOTAL,F,THS_PER,RO,2023-12,164,
ESTAT:TEILM010(1.0),16/08/24 11:00:00,M,SA,TOTAL,F,THS_PER,RO,2024-01,190,
ESTAT:TEILM010(1.0),16/08/24 11:00:00,M,SA,TOTAL,F,THS_PER,RO,2024-02,177,
ESTAT:TEILM010(1.0),16/08/24 11:00:00,M,SA,TOTAL,F,THS_PER,RO,2024-03,175,
ESTAT:TEILM010(1.0),16/08/24 11:00:00,M,SA,TOTAL,F,THS_PER,RO,2024-04,179,
ESTAT:TEILM010(1.0),16/08/24 11:00:00,M,SA,TOTAL,F,THS_PER,RO,2024-05,193,
ESTAT:TEILM010(1.0),16/08/24 11:00:00,M,SA,TOTAL,F,THS_PER,RO,2024-06,181,
ESTAT:TEILM010(1.0),16/08/24 11:00:00,M,SA,TOTAL,F,THS_PER,SE,2023-08,233,
ESTAT:TEILM010(1.0),16/08/24 11:00:00,M,SA,TOTAL,F,THS_PER,SE,2023-09,239,
ESTAT:TEILM010(1.0),16/08/24 11:00:00,M,SA,TOTAL,F,THS_PER,SE,2023-10,215,
ESTAT:TEILM010(1.0),16/08/24 11:00:00,M,SA,TOTAL,F,THS_PER,SE,2023-11,214,
ESTAT:TEILM010(1.0),16/08/24 11:00:00,M,SA,TOTAL,F,THS_PER,SE,2023-12,236,
ESTAT:TEILM010(1.0),16/08/24 11:00:00,M,SA,TOTAL,F,THS_PER,SE,2024-01,221,
ESTAT:TEILM010(1.0),16/08/24 11:00:00,M,SA,TOTAL,F,THS_PER,SE,2024-02,210,
ESTAT:TEILM010(1.0),16/08/24 11:00:00,M,SA,TOTAL,F,THS_PER,SE,2024-03,237,
ESTAT:TEILM010(1.0),16/08/24 11:00:00,M,SA,TOTAL,F,THS_PER,SE,2024-04,229,
ESTAT:TEILM010(1.0),16/08/24 11:00:00,M,SA,TOTAL,F,THS_PER,SE,2024-05,224,
ESTAT:TEILM010(1.0),16/08/24 11:00:00,M,SA,TOTAL,F,THS_PER,SE,2024-06,232,
ESTAT:TEILM010(1.0),16/08/24 11:00:00,M,SA,TOTAL,F,THS_PER,SI,2023-08,19,
ESTAT:TEILM010(1.0),16/08/24 11:00:00,M,SA,TOTAL,F,THS_PER,SI,2023-09,19,
ESTAT:TEILM010(1.0),16/08/24 11:00:00,M,SA,TOTAL,F,THS_PER,SI,2023-10,18,
ESTAT:TEILM010(1.0),16/08/24 11:00:00,M,SA,TOTAL,F,THS_PER,SI,2023-11,17,
ESTAT:TEILM010(1.0),16/08/24 11:00:00,M,SA,TOTAL,F,THS_PER,SI,2023-12,17,
ESTAT:TEILM010(1.0),16/08/24 11:00:00,M,SA,TOTAL,F,THS_PER,SI,2024-01,18,
ESTAT:TEILM010(1.0),16/08/24 11:00:00,M,SA,TOTAL,F,THS_PER,SI,2024-02,18,
ESTAT:TEILM010(1.0),16/08/24 11:00:00,M,SA,TOTAL,F,THS_PER,SI,2024-03,18,
ESTAT:TEILM010(1.0),16/08/24 11:00:00,M,SA,TOTAL,F,THS_PER,SI,2024-04,18,
ESTAT:TEILM010(1.0),16/08/24 11:00:00,M,SA,TOTAL,F,THS_PER,SI,2024-05,18,
ESTAT:TEILM010(1.0),16/08/24 11:00:00,M,SA,TOTAL,F,THS_PER,SI,2024-06,18,
ESTAT:TEILM010(1.0),16/08/24 11:00:00,M,SA,TOTAL,F,THS_PER,SK,2023-08,79,
ESTAT:TEILM010(1.0),16/08/24 11:00:00,M,SA,TOTAL,F,THS_PER,SK,2023-09,77,
ESTAT:TEILM010(1.0),16/08/24 11:00:00,M,SA,TOTAL,F,THS_PER,SK,2023-10,75,
ESTAT:TEILM010(1.0),16/08/24 11:00:00,M,SA,TOTAL,F,THS_PER,SK,2023-11,75,
ESTAT:TEILM010(1.0),16/08/24 11:00:00,M,SA,TOTAL,F,THS_PER,SK,2023-12,76,
ESTAT:TEILM010(1.0),16/08/24 11:00:00,M,SA,TOTAL,F,THS_PER,SK,2024-01,78,
ESTAT:TEILM010(1.0),16/08/24 11:00:00,M,SA,TOTAL,F,THS_PER,SK,2024-02,79,
ESTAT:TEILM010(1.0),16/08/24 11:00:00,M,SA,TOTAL,F,THS_PER,SK,2024-03,79,
ESTAT:TEILM010(1.0),16/08/24 11:00:00,M,SA,TOTAL,F,THS_PER,SK,2024-04,78,
ESTAT:TEILM010(1.0),16/08/24 11:00:00,M,SA,TOTAL,F,THS_PER,SK,2024-05,78,
ESTAT:TEILM010(1.0),16/08/24 11:00:00,M,SA,TOTAL,F,THS_PER,SK,2024-06,77,
ESTAT:TEILM010(1.0),16/08/24 11:00:00,M,SA,TOTAL,F,THS_PER,TR,2023-08,1481,
ESTAT:TEILM010(1.0),16/08/24 11:00:00,M,SA,TOTAL,F,THS_PER,TR,2023-09,1438,
ESTAT:TEILM010(1.0),16/08/24 11:00:00,M,SA,TOTAL,F,THS_PER,TR,2023-10,1352,
ESTAT:TEILM010(1.0),16/08/24 11:00:00,M,SA,TOTAL,F,THS_PER,TR,2023-11,1392,
ESTAT:TEILM010(1.0),16/08/24 11:00:00,M,SA,TOTAL,F,THS_PER,TR,2023-12,1439,
ESTAT:TEILM010(1.0),16/08/24 11:00:00,M,SA,TOTAL,F,THS_PER,TR,2024-01,1413,
ESTAT:TEILM010(1.0),16/08/24 11:00:00,M,SA,TOTAL,F,THS_PER,TR,2024-02,1375,
ESTAT:TEILM010(1.0),16/08/24 11:00:00,M,SA,TOTAL,F,THS_PER,TR,2024-03,1449,
ESTAT:TEILM010(1.0),16/08/24 11:00:00,M,SA,TOTAL,F,THS_PER,TR,2024-04,1357,
ESTAT:TEILM010(1.0),16/08/24 11:00:00,M,SA,TOTAL,F,THS_PER,TR,2024-05,1357,
ESTAT:TEILM010(1.0),16/08/24 11:00:00,M,SA,TOTAL,F,THS_PER,US,2023-08,2752,
ESTAT:TEILM010(1.0),16/08/24 11:00:00,M,SA,TOTAL,F,THS_PER,US,2023-09,2634,
ESTAT:TEILM010(1.0),16/08/24 11:00:00,M,SA,TOTAL,F,THS_PER,US,2023-10,2829,
ESTAT:TEILM010(1.0),16/08/24 11:00:00,M,SA,TOTAL,F,THS_PER,US,2023-11,2692,
ESTAT:TEILM010(1.0),16/08/24 11:00:00,M,SA,TOTAL,F,THS_PER,US,2023-12,2836,
ESTAT:TEILM010(1.0),16/08/24 11:00:00,M,SA,TOTAL,F,THS_PER,US,2024-01,2654,
ESTAT:TEILM010(1.0),16/08/24 11:00:00,M,SA,TOTAL,F,THS_PER,US,2024-02,3076,
ESTAT:TEILM010(1.0),16/08/24 11:00:00,M,SA,TOTAL,F,THS_PER,US,2024-03,3087,
ESTAT:TEILM010(1.0),16/08/24 11:00:00,M,SA,TOTAL,F,THS_PER,US,2024-04,2959,
ESTAT:TEILM010(1.0),16/08/24 11:00:00,M,SA,TOTAL,F,THS_PER,US,2024-05,2904,
ESTAT:TEILM010(1.0),16/08/24 11:00:00,M,SA,TOTAL,F,THS_PER,US,2024-06,3180,
ESTAT:TEILM010(1.0),16/08/24 11:00:00,M,SA,TOTAL,M,THS_PER,AT,2023-08,144,
ESTAT:TEILM010(1.0),16/08/24 11:00:00,M,SA,TOTAL,M,THS_PER,AT,2023-09,144,
ESTAT:TEILM010(1.0),16/08/24 11:00:00,M,SA,TOTAL,M,THS_PER,AT,2023-10,140,
ESTAT:TEILM010(1.0),16/08/24 11:00:00,M,SA,TOTAL,M,THS_PER,AT,2023-11,137,
ESTAT:TEILM010(1.0),16/08/24 11:00:00,M,SA,TOTAL,M,THS_PER,AT,2023-12,138,
ESTAT:TEILM010(1.0),16/08/24 11:00:00,M,SA,TOTAL,M,THS_PER,AT,2024-01,134,
ESTAT:TEILM010(1.0),16/08/24 11:00:00,M,SA,TOTAL,M,THS_PER,AT,2024-02,125,
ESTAT:TEILM010(1.0),16/08/24 11:00:00,M,SA,TOTAL,M,THS_PER,AT,2024-03,122,
ESTAT:TEILM010(1.0),16/08/24 11:00:00,M,SA,TOTAL,M,THS_PER,AT,2024-04,125,
ESTAT:TEILM010(1.0),16/08/24 11:00:00,M,SA,TOTAL,M,THS_PER,AT,2024-05,140,
ESTAT:TEILM010(1.0),16/08/24 11:00:00,M,SA,TOTAL,M,THS_PER,AT,2024-06,141,
ESTAT:TEILM010(1.0),16/08/24 11:00:00,M,SA,TOTAL,M,THS_PER,BE,2023-08,162,
ESTAT:TEILM010(1.0),16/08/24 11:00:00,M,SA,TOTAL,M,THS_PER,BE,2023-09,160,
ESTAT:TEILM010(1.0),16/08/24 11:00:00,M,SA,TOTAL,M,THS_PER,BE,2023-10,160,
ESTAT:TEILM010(1.0),16/08/24 11:00:00,M,SA,TOTAL,M,THS_PER,BE,2023-11,158,
ESTAT:TEILM010(1.0),16/08/24 11:00:00,M,SA,TOTAL,M,THS_PER,BE,2023-12,164,
ESTAT:TEILM010(1.0),16/08/24 11:00:00,M,SA,TOTAL,M,THS_PER,BE,2024-01,172,
ESTAT:TEILM010(1.0),16/08/24 11:00:00,M,SA,TOTAL,M,THS_PER,BE,2024-02,179,
ESTAT:TEILM010(1.0),16/08/24 11:00:00,M,SA,TOTAL,M,THS_PER,BE,2024-03,182,
ESTAT:TEILM010(1.0),16/08/24 11:00:00,M,SA,TOTAL,M,THS_PER,BE,2024-04,187,
ESTAT:TEILM010(1.0),16/08/24 11:00:00,M,SA,TOTAL,M,THS_PER,BE,2024-05,189,
ESTAT:TEILM010(1.0),16/08/24 11:00:00,M,SA,TOTAL,M,THS_PER,BE,2024-06,188,
ESTAT:TEILM010(1.0),16/08/24 11:00:00,M,SA,TOTAL,M,THS_PER,BG,2023-08,75,
ESTAT:TEILM010(1.0),16/08/24 11:00:00,M,SA,TOTAL,M,THS_PER,BG,2023-09,74,
ESTAT:TEILM010(1.0),16/08/24 11:00:00,M,SA,TOTAL,M,THS_PER,BG,2023-10,73,
ESTAT:TEILM010(1.0),16/08/24 11:00:00,M,SA,TOTAL,M,THS_PER,BG,2023-11,72,
ESTAT:TEILM010(1.0),16/08/24 11:00:00,M,SA,TOTAL,M,THS_PER,BG,2023-12,72,
ESTAT:TEILM010(1.0),16/08/24 11:00:00,M,SA,TOTAL,M,THS_PER,BG,2024-01,76,
ESTAT:TEILM010(1.0),16/08/24 11:00:00,M,SA,TOTAL,M,THS_PER,BG,2024-02,78,
ESTAT:TEILM010(1.0),16/08/24 11:00:00,M,SA,TOTAL,M,THS_PER,BG,2024-03,78,
ESTAT:TEILM010(1.0),16/08/24 11:00:00,M,SA,TOTAL,M,THS_PER,BG,2024-04,76,
ESTAT:TEILM010(1.0),16/08/24 11:00:00,M,SA,TOTAL,M,THS_PER,BG,2024-05,74,
ESTAT:TEILM010(1.0),16/08/24 11:00:00,M,SA,TOTAL,M,THS_PER,BG,2024-06,75,
ESTAT:TEILM010(1.0),16/08/24 11:00:00,M,SA,TOTAL,M,THS_PER,CH,2023-08,96,
ESTAT:TEILM010(1.0),16/08/24 11:00:00,M,SA,TOTAL,M,THS_PER,CH,2023-09,103,
ESTAT:TEILM010(1.0),16/08/24 11:00:00,M,SA,TOTAL,M,THS_PER,CH,2023-10,108,
ESTAT:TEILM010(1.0),16/08/24 11:00:00,M,SA,TOTAL,M,THS_PER,CH,2023-11,107,
ESTAT:TEILM010(1.0),16/08/24 11:00:00,M,SA,TOTAL,M,THS_PER,CH,2023-12,106,
ESTAT:TEILM010(1.0),16/08/24 11:00:00,M,SA,TOTAL,M,THS_PER,CH,2024-01,105,
ESTAT:TEILM010(1.0),16/08/24 11:00:00,M,SA,TOTAL,M,THS_PER,CH,2024-02,105,
ESTAT:TEILM010(1.0),16/08/24 11:00:00,M,SA,TOTAL,M,THS_PER,CH,2024-03,106,
ESTAT:TEILM010(1.0),16/08/24 11:00:00,M,SA,TOTAL,M,THS_PER,CY,2023-08,16,
ESTAT:TEILM010(1.0),16/08/24 11:00:00,M,SA,TOTAL,M,THS_PER,CY,2023-09,15,
ESTAT:TEILM010(1.0),16/08/24 11:00:00,M,SA,TOTAL,M,THS_PER,CY,2023-10,15,
ESTAT:TEILM010(1.0),16/08/24 11:00:00,M,SA,TOTAL,M,THS_PER,CY,2023-11,15,
ESTAT:TEILM010(1.0),16/08/24 11:00:00,M,SA,TOTAL,M,THS_PER,CY,2023-12,15,
ESTAT:TEILM010(1.0),16/08/24 11:00:00,M,SA,TOTAL,M,THS_PER,CY,2024-01,15,
ESTAT:TEILM010(1.0),16/08/24 11:00:00,M,SA,TOTAL,M,THS_PER,CY,2024-02,13,
ESTAT:TEILM010(1.0),16/08/24 11:00:00,M,SA,TOTAL,M,THS_PER,CY,2024-03,12,
ESTAT:TEILM010(1.0),16/08/24 11:00:00,M,SA,TOTAL,M,THS_PER,CY,2024-04,10,
ESTAT:TEILM010(1.0),16/08/24 11:00:00,M,SA,TOTAL,M,THS_PER,CY,2024-05,9,
ESTAT:TEILM010(1.0),16/08/24 11:00:00,M,SA,TOTAL,M,THS_PER,CY,2024-06,10,
ESTAT:TEILM010(1.0),16/08/24 11:00:00,M,SA,TOTAL,M,THS_PER,CZ,2023-08,65,
ESTAT:TEILM010(1.0),16/08/24 11:00:00,M,SA,TOTAL,M,THS_PER,CZ,2023-09,66,
ESTAT:TEILM010(1.0),16/08/24 11:00:00,M,SA,TOTAL,M,THS_PER,CZ,2023-10,66,
ESTAT:TEILM010(1.0),16/08/24 11:00:00,M,SA,TOTAL,M,THS_PER,CZ,2023-11,64,
ESTAT:TEILM010(1.0),16/08/24 11:00:00,M,SA,TOTAL,M,THS_PER,CZ,2023-12,67,
ESTAT:TEILM010(1.0),16/08/24 11:00:00,M,SA,TOTAL,M,THS_PER,CZ,2024-01,69,
ESTAT:TEILM010(1.0),16/08/24 11:00:00,M,SA,TOTAL,M,THS_PER,CZ,2024-02,66,
ESTAT:TEILM010(1.0),16/08/24 11:00:00,M,SA,TOTAL,M,THS_PER,CZ,2024-03,67,
ESTAT:TEILM010(1.0),16/08/24 11:00:00,M,SA,TOTAL,M,THS_PER,CZ,2024-04,67,
ESTAT:TEILM010(1.0),16/08/24 11:00:00,M,SA,TOTAL,M,THS_PER,CZ,2024-05,70,
ESTAT:TEILM010(1.0),16/08/24 11:00:00,M,SA,TOTAL,M,THS_PER,CZ,2024-06,71,
ESTAT:TEILM010(1.0),16/08/24 11:00:00,M,SA,TOTAL,M,THS_PER,DE,2023-08,765,
ESTAT:TEILM010(1.0),16/08/24 11:00:00,M,SA,TOTAL,M,THS_PER,DE,2023-09,771,
ESTAT:TEILM010(1.0),16/08/24 11:00:00,M,SA,TOTAL,M,THS_PER,DE,2023-10,779,
ESTAT:TEILM010(1.0),16/08/24 11:00:00,M,SA,TOTAL,M,THS_PER,DE,2023-11,787,
ESTAT:TEILM010(1.0),16/08/24 11:00:00,M,SA,TOTAL,M,THS_PER,DE,2023-12,798,
ESTAT:TEILM010(1.0),16/08/24 11:00:00,M,SA,TOTAL,M,THS_PER,DE,2024-01,813,
ESTAT:TEILM010(1.0),16/08/24 11:00:00,M,SA,TOTAL,M,THS_PER,DE,2024-02,829,
ESTAT:TEILM010(1.0),16/08/24 11:00:00,M,SA,TOTAL,M,THS_PER,DE,2024-03,845,
ESTAT:TEILM010(1.0),16/08/24 11:00:00,M,SA,TOTAL,M,THS_PER,DE,2024-04,858,
ESTAT:TEILM010(1.0),16/08/24 11:00:00,M,SA,TOTAL,M,THS_PER,DE,2024-05,866,
ESTAT:TEILM010(1.0),16/08/24 11:00:00,M,SA,TOTAL,M,THS_PER,DE,2024-06,867,
ESTAT:TEILM010(1.0),16/08/24 11:00:00,M,SA,TOTAL,M,THS_PER,DK,2023-08,55,
ESTAT:TEILM010(1.0),16/08/24 11:00:00,M,SA,TOTAL,M,THS_PER,DK,2023-09,78,
ESTAT:TEILM010(1.0),16/08/24 11:00:00,M,SA,TOTAL,M,THS_PER,DK,2023-10,101,b
ESTAT:TEILM010(1.0),16/08/24 11:00:00,M,SA,TOTAL,M,THS_PER,DK,2023-11,94,
ESTAT:TEILM010(1.0),16/08/24 11:00:00,M,SA,TOTAL,M,THS_PER,DK,2023-12,97,
ESTAT:TEILM010(1.0),16/08/24 11:00:00,M,SA,TOTAL,M,THS_PER,DK,2024-01,100,
ESTAT:TEILM010(1.0),16/08/24 11:00:00,M,SA,TOTAL,M,THS_PER,DK,2024-02,101,
ESTAT:TEILM010(1.0),16/08/24 11:00:00,M,SA,TOTAL,M,THS_PER,DK,2024-03,97,
ESTAT:TEILM010(1.0),16/08/24 11:00:00,M,SA,TOTAL,M,THS_PER,DK,2024-04,100,
ESTAT:TEILM010(1.0),16/08/24 11:00:00,M,SA,TOTAL,M,THS_PER,DK,2024-05,91,
ESTAT:TEILM010(1.0),16/08/24 11:00:00,M,SA,TOTAL,M,THS_PER,DK,2024-06,93,
ESTAT:TEILM010(1.0),16/08/24 11:00:00,M,SA,TOTAL,M,THS_PER,EA20,2023-08,5624,
ESTAT:TEILM010(1.0),16/08/24 11:00:00,M,SA,TOTAL,M,THS_PER,EA20,2023-09,5643,
ESTAT:TEILM010(1.0),16/08/24 11:00:00,M,SA,TOTAL,M,THS_PER,EA20,2023-10,5650,
ESTAT:TEILM010(1.0),16/08/24 11:00:00,M,SA,TOTAL,M,THS_PER,EA20,2023-11,5672,
ESTAT:TEILM010(1.0),16/08/24 11:00:00,M,SA,TOTAL,M,THS_PER,EA20,2023-12,5651,
ESTAT:TEILM010(1.0),16/08/24 11:00:00,M,SA,TOTAL,M,THS_PER,EA20,2024-01,5694,
ESTAT:TEILM010(1.0),16/08/24 11:00:00,M,SA,TOTAL,M,THS_PER,EA20,2024-02,5713,
ESTAT:TEILM010(1.0),16/08/24 11:00:00,M,SA,TOTAL,M,THS_PER,EA20,2024-03,5630,
ESTAT:TEILM010(1.0),16/08/24 11:00:00,M,SA,TOTAL,M,THS_PER,EA20,2024-04,5616,
ESTAT:TEILM010(1.0),16/08/24 11:00:00,M,SA,TOTAL,M,THS_PER,EA20,2024-05,5649,
ESTAT:TEILM010(1.0),16/08/24 11:00:00,M,SA,TOTAL,M,THS_PER,EA20,2024-06,5676,
ESTAT:TEILM010(1.0),16/08/24 11:00:00,M,SA,TOTAL,M,THS_PER,EE,2023-08,27,
ESTAT:TEILM010(1.0),16/08/24 11:00:00,M,SA,TOTAL,M,THS_PER,EE,2023-09,23,
ESTAT:TEILM010(1.0),16/08/24 11:00:00,M,SA,TOTAL,M,THS_PER,EE,2023-10,23,
ESTAT:TEILM010(1.0),16/08/24 11:00:00,M,SA,TOTAL,M,THS_PER,EE,2023-11,23,
ESTAT:TEILM010(1.0),16/08/24 11:00:00,M,SA,TOTAL,M,THS_PER,EE,2023-12,25,
ESTAT:TEILM010(1.0),16/08/24 11:00:00,M,SA,TOTAL,M,THS_PER,EE,2024-01,27,
ESTAT:TEILM010(1.0),16/08/24 11:00:00,M,SA,TOTAL,M,THS_PER,EE,2024-02,28,
ESTAT:TEILM010(1.0),16/08/24 11:00:00,M,SA,TOTAL,M,THS_PER,EE,2024-03,26,
ESTAT:TEILM010(1.0),16/08/24 11:00:00,M,SA,TOTAL,M,THS_PER,EE,2024-04,26,
ESTAT:TEILM010(1.0),16/08/24 11:00:00,M,SA,TOTAL,M,THS_PER,EE,2024-05,28,
ESTAT:TEILM010(1.0),16/08/24 11:00:00,M,SA,TOTAL,M,THS_PER,EE,2024-06,27,
ESTAT:TEILM010(1.0),16/08/24 11:00:00,M,SA,TOTAL,M,THS_PER,EL,2023-08,226,
ESTAT:TEILM010(1.0),16/08/24 11:00:00,M,SA,TOTAL,M,THS_PER,EL,2023-09,223,
ESTAT:TEILM010(1.0),16/08/24 11:00:00,M,SA,TOTAL,M,THS_PER,EL,2023-10,226,
ESTAT:TEILM010(1.0),16/08/24 11:00:00,M,SA,TOTAL,M,THS_PER,EL,2023-11,230,
ESTAT:TEILM010(1.0),16/08/24 11:00:00,M,SA,TOTAL,M,THS_PER,EL,2023-12,217,
ESTAT:TEILM010(1.0),16/08/24 11:00:00,M,SA,TOTAL,M,THS_PER,EL,2024-01,234,
ESTAT:TEILM010(1.0),16/08/24 11:00:00,M,SA,TOTAL,M,THS_PER,EL,2024-02,244,
ESTAT:TEILM010(1.0),16/08/24 11:00:00,M,SA,TOTAL,M,THS_PER,EL,2024-03,208,
ESTAT:TEILM010(1.0),16/08/24 11:00:00,M,SA,TOTAL,M,THS_PER,EL,2024-04,220,
ESTAT:TEILM010(1.0),16/08/24 11:00:00,M,SA,TOTAL,M,THS_PER,EL,2024-05,208,
ESTAT:TEILM010(1.0),16/08/24 11:00:00,M,SA,TOTAL,M,THS_PER,EL,2024-06,195,
ESTAT:TEILM010(1.0),16/08/24 11:00:00,M,SA,TOTAL,M,THS_PER,ES,2023-08,1342,
ESTAT:TEILM010(1.0),16/08/24 11:00:00,M,SA,TOTAL,M,THS_PER,ES,2023-09,1346,
ESTAT:TEILM010(1.0),16/08/24 11:00:00,M,SA,TOTAL,M,THS_PER,ES,2023-10,1339,
ESTAT:TEILM010(1.0),16/08/24 11:00:00,M,SA,TOTAL,M,THS_PER,ES,2023-11,1336,
ESTAT:TEILM010(1.0),16/08/24 11:00:00,M,SA,TOTAL,M,THS_PER,ES,2023-12,1343,
ESTAT:TEILM010(1.0),16/08/24 11:00:00,M,SA,TOTAL,M,THS_PER,ES,2024-01,1361,
ESTAT:TEILM010(1.0),16/08/24 11:00:00,M,SA,TOTAL,M,THS_PER,ES,2024-02,1359,
ESTAT:TEILM010(1.0),16/08/24 11:00:00,M,SA,TOTAL,M,THS_PER,ES,2024-03,1348,
ESTAT:TEILM010(1.0),16/08/24 11:00:00,M,SA,TOTAL,M,THS_PER,ES,2024-04,1330,
ESTAT:TEILM010(1.0),16/08/24 11:00:00,M,SA,TOTAL,M,THS_PER,ES,2024-05,1327,
ESTAT:TEILM010(1.0),16/08/24 11:00:00,M,SA,TOTAL,M,THS_PER,ES,2024-06,1323,
ESTAT:TEILM010(1.0),16/08/24 11:00:00,M,SA,TOTAL,M,THS_PER,EU27_2020,2023-08,6691,
ESTAT:TEILM010(1.0),16/08/24 11:00:00,M,SA,TOTAL,M,THS_PER,EU27_2020,2023-09,6741,
ESTAT:TEILM010(1.0),16/08/24 11:00:00,M,SA,TOTAL,M,THS_PER,EU27_2020,2023-10,6787,
ESTAT:TEILM010(1.0),16/08/24 11:00:00,M,SA,TOTAL,M,THS_PER,EU27_2020,2023-11,6797,
ESTAT:TEILM010(1.0),16/08/24 11:00:00,M,SA,TOTAL,M,THS_PER,EU27_2020,2023-12,6797,
ESTAT:TEILM010(1.0),16/08/24 11:00:00,M,SA,TOTAL,M,THS_PER,EU27_2020,2024-01,6833,
ESTAT:TEILM010(1.0),16/08/24 11:00:00,M,SA,TOTAL,M,THS_PER,EU27_2020,2024-02,6846,
ESTAT:TEILM010(1.0),16/08/24 11:00:00,M,SA,TOTAL,M,THS_PER,EU27_2020,2024-03,6771,
ESTAT:TEILM010(1.0),16/08/24 11:00:00,M,SA,TOTAL,M,THS_PER,EU27_2020,2024-04,6765,
ESTAT:TEILM010(1.0),16/08/24 11:00:00,M,SA,TOTAL,M,THS_PER,EU27_2020,2024-05,6762,
ESTAT:TEILM010(1.0),16/08/24 11:00:00,M,SA,TOTAL,M,THS_PER,EU27_2020,2024-06,6799,
ESTAT:TEILM010(1.0),16/08/24 11:00:00,M,SA,TOTAL,M,THS_PER,FI,2023-08,121,
ESTAT:TEILM010(1.0),16/08/24 11:00:00,M,SA,TOTAL,M,THS_PER,FI,2023-09,119,
ESTAT:TEILM010(1.0),16/08/24 11:00:00,M,SA,TOTAL,M,THS_PER,FI,2023-10,114,
ESTAT:TEILM010(1.0),16/08/24 11:00:00,M,SA,TOTAL,M,THS_PER,FI,2023-11,124,
ESTAT:TEILM010(1.0),16/08/24 11:00:00,M,SA,TOTAL,M,THS_PER,FI,2023-12,121,
ESTAT:TEILM010(1.0),16/08/24 11:00:00,M,SA,TOTAL,M,THS_PER,FI,2024-01,124,
ESTAT:TEILM010(1.0),16/08/24 11:00:00,M,SA,TOTAL,M,THS_PER,FI,2024-02,122,
ESTAT:TEILM010(1.0),16/08/24 11:00:00,M,SA,TOTAL,M,THS_PER,FI,2024-03,138,
ESTAT:TEILM010(1.0),16/08/24 11:00:00,M,SA,TOTAL,M,THS_PER,FI,2024-04,140,
ESTAT:TEILM010(1.0),16/08/24 11:00:00,M,SA,TOTAL,M,THS_PER,FI,2024-05,134,
ESTAT:TEILM010(1.0),16/08/24 11:00:00,M,SA,TOTAL,M,THS_PER,FI,2024-06,138,
ESTAT:TEILM010(1.0),16/08/24 11:00:00,M,SA,TOTAL,M,THS_PER,FR,2023-08,1171,
ESTAT:TEILM010(1.0),16/08/24 11:00:00,M,SA,TOTAL,M,THS_PER,FR,2023-09,1177,
ESTAT:TEILM010(1.0),16/08/24 11:00:00,M,SA,TOTAL,M,THS_PER,FR,2023-10,1195,
ESTAT:TEILM010(1.0),16/08/24 11:00:00,M,SA,TOTAL,M,THS_PER,FR,2023-11,1209,
ESTAT:TEILM010(1.0),16/08/24 11:00:00,M,SA,TOTAL,M,THS_PER,FR,2023-12,1216,
ESTAT:TEILM010(1.0),16/08/24 11:00:00,M,SA,TOTAL,M,THS_PER,FR,2024-01,1214,
ESTAT:TEILM010(1.0),16/08/24 11:00:00,M,SA,TOTAL,M,THS_PER,FR,2024-02,1205,
ESTAT:TEILM010(1.0),16/08/24 11:00:00,M,SA,TOTAL,M,THS_PER,FR,2024-03,1203,
ESTAT:TEILM010(1.0),16/08/24 11:00:00,M,SA,TOTAL,M,THS_PER,FR,2024-04,1178,
ESTAT:TEILM010(1.0),16/08/24 11:00:00,M,SA,TOTAL,M,THS_PER,FR,2024-05,1191,
ESTAT:TEILM010(1.0),16/08/24 11:00:00,M,SA,TOTAL,M,THS_PER,FR,2024-06,1203,
ESTAT:TEILM010(1.0),16/08/24 11:00:00,M,SA,TOTAL,M,THS_PER,HR,2023-08,50,
ESTAT:TEILM010(1.0),16/08/24 11:00:00,M,SA,TOTAL,M,THS_PER,HR,2023-09,50,
ESTAT:TEILM010(1.0),16/08/24 11:00:00,M,SA,TOTAL,M,THS_PER,HR,2023-10,49,
ESTAT:TEILM010(1.0),16/08/24 11:00:00,M,SA,TOTAL,M,THS_PER,HR,2023-11,48,
ESTAT:TEILM010(1.0),16/08/24 11:00:00,M,SA,TOTAL,M,THS_PER,HR,2023-12,47,
ESTAT:TEILM010(1.0),16/08/24 11:00:00,M,SA,TOTAL,M,THS_PER,HR,2024-01,46,
ESTAT:TEILM010(1.0),16/08/24 11:00:00,M,SA,TOTAL,M,THS_PER,HR,2024-02,45,
ESTAT:TEILM010(1.0),16/08/24 11:00:00,M,SA,TOTAL,M,THS_PER,HR,2024-03,44,
ESTAT:TEILM010(1.0),16/08/24 11:00:00,M,SA,TOTAL,M,THS_PER,HR,2024-04,44,
ESTAT:TEILM010(1.0),16/08/24 11:00:00,M,SA,TOTAL,M,THS_PER,HR,2024-05,45,
ESTAT:TEILM010(1.0),16/08/24 11:00:00,M,SA,TOTAL,M,THS_PER,HR,2024-06,45,
ESTAT:TEILM010(1.0),16/08/24 11:00:00,M,SA,TOTAL,M,THS_PER,HU,2023-08,104,
ESTAT:TEILM010(1.0),16/08/24 11:00:00,M,SA,TOTAL,M,THS_PER,HU,2023-09,103,
ESTAT:TEILM010(1.0),16/08/24 11:00:00,M,SA,TOTAL,M,THS_PER,HU,2023-10,108,
ESTAT:TEILM010(1.0),16/08/24 11:00:00,M,SA,TOTAL,M,THS_PER,HU,2023-11,110,
ESTAT:TEILM010(1.0),16/08/24 11:00:00,M,SA,TOTAL,M,THS_PER,HU,2023-12,110,
ESTAT:TEILM010(1.0),16/08/24 11:00:00,M,SA,TOTAL,M,THS_PER,HU,2024-01,114,
ESTAT:TEILM010(1.0),16/08/24 11:00:00,M,SA,TOTAL,M,THS_PER,HU,2024-02,114,
ESTAT:TEILM010(1.0),16/08/24 11:00:00,M,SA,TOTAL,M,THS_PER,HU,2024-03,115,
ESTAT:TEILM010(1.0),16/08/24 11:00:00,M,SA,TOTAL,M,THS_PER,HU,2024-04,117,
ESTAT:TEILM010(1.0),16/08/24 11:00:00,M,SA,TOTAL,M,THS_PER,HU,2024-05,115,
ESTAT:TEILM010(1.0),16/08/24 11:00:00,M,SA,TOTAL,M,THS_PER,HU,2024-06,113,
ESTAT:TEILM010(1.0),16/08/24 11:00:00,M,SA,TOTAL,M,THS_PER,IE,2023-08,66,
ESTAT:TEILM010(1.0),16/08/24 11:00:00,M,SA,TOTAL,M,THS_PER,IE,2023-09,67,
ESTAT:TEILM010(1.0),16/08/24 11:00:00,M,SA,TOTAL,M,THS_PER,IE,2023-10,66,
ESTAT:TEILM010(1.0),16/08/24 11:00:00,M,SA,TOTAL,M,THS_PER,IE,2023-11,64,
ESTAT:TEILM010(1.0),16/08/24 11:00:00,M,SA,TOTAL,M,THS_PER,IE,2023-12,65,
ESTAT:TEILM010(1.0),16/08/24 11:00:00,M,SA,TOTAL,M,THS_PER,IE,2024-01,65,
ESTAT:TEILM010(1.0),16/08/24 11:00:00,M,SA,TOTAL,M,THS_PER,IE,2024-02,59,
ESTAT:TEILM010(1.0),16/08/24 11:00:00,M,SA,TOTAL,M,THS_PER,IE,2024-03,61,
ESTAT:TEILM010(1.0),16/08/24 11:00:00,M,SA,TOTAL,M,THS_PER,IE,2024-04,64,
ESTAT:TEILM010(1.0),16/08/24 11:00:00,M,SA,TOTAL,M,THS_PER,IE,2024-05,66,
ESTAT:TEILM010(1.0),16/08/24 11:00:00,M,SA,TOTAL,M,THS_PER,IE,2024-06,68,
ESTAT:TEILM010(1.0),16/08/24 11:00:00,M,SA,TOTAL,M,THS_PER,IE,2024-07,71,
ESTAT:TEILM010(1.0),16/08/24 11:00:00,M,SA,TOTAL,M,THS_PER,IS,2023-08,4,
ESTAT:TEILM010(1.0),16/08/24 11:00:00,M,SA,TOTAL,M,THS_PER,IS,2023-09,6,
ESTAT:TEILM010(1.0),16/08/24 11:00:00,M,SA,TOTAL,M,THS_PER,IS,2023-10,5,
ESTAT:TEILM010(1.0),16/08/24 11:00:00,M,SA,TOTAL,M,THS_PER,IS,2023-11,4,
ESTAT:TEILM010(1.0),16/08/24 11:00:00,M,SA,TOTAL,M,THS_PER,IS,2023-12,4,
ESTAT:TEILM010(1.0),16/08/24 11:00:00,M,SA,TOTAL,M,THS_PER,IS,2024-01,6,
ESTAT:TEILM010(1.0),16/08/24 11:00:00,M,SA,TOTAL,M,THS_PER,IS,2024-02,5,
ESTAT:TEILM010(1.0),16/08/24 11:00:00,M,SA,TOTAL,M,THS_PER,IT,2023-08,979,
ESTAT:TEILM010(1.0),16/08/24 11:00:00,M,SA,TOTAL,M,THS_PER,IT,2023-09,981,
ESTAT:TEILM010(1.0),16/08/24 11:00:00,M,SA,TOTAL,M,THS_PER,IT,2023-10,976,
ESTAT:TEILM010(1.0),16/08/24 11:00:00,M,SA,TOTAL,M,THS_PER,IT,2023-11,974,
ESTAT:TEILM010(1.0),16/08/24 11:00:00,M,SA,TOTAL,M,THS_PER,IT,2023-12,939,
ESTAT:TEILM010(1.0),16/08/24 11:00:00,M,SA,TOTAL,M,THS_PER,IT,2024-01,931,
ESTAT:TEILM010(1.0),16/08/24 11:00:00,M,SA,TOTAL,M,THS_PER,IT,2024-02,947,
ESTAT:TEILM010(1.0),16/08/24 11:00:00,M,SA,TOTAL,M,THS_PER,IT,2024-03,897,
ESTAT:TEILM010(1.0),16/08/24 11:00:00,M,SA,TOTAL,M,THS_PER,IT,2024-04,888,
ESTAT:TEILM010(1.0),16/08/24 11:00:00,M,SA,TOTAL,M,THS_PER,IT,2024-05,902,
ESTAT:TEILM010(1.0),16/08/24 11:00:00,M,SA,TOTAL,M,THS_PER,IT,2024-06,911,
ESTAT:TEILM010(1.0),16/08/24 11:00:00,M,SA,TOTAL,M,THS_PER,JP,2023-08,1080,
ESTAT:TEILM010(1.0),16/08/24 11:00:00,M,SA,TOTAL,M,THS_PER,JP,2023-09,1050,
ESTAT:TEILM010(1.0),16/08/24 11:00:00,M,SA,TOTAL,M,THS_PER,JP,2023-10,990,
ESTAT:TEILM010(1.0),16/08/24 11:00:00,M,SA,TOTAL,M,THS_PER,JP,2023-11,1030,
ESTAT:TEILM010(1.0),16/08/24 11:00:00,M,SA,TOTAL,M,THS_PER,JP,2023-12,1050,
ESTAT:TEILM010(1.0),16/08/24 11:00:00,M,SA,TOTAL,M,THS_PER,JP,2024-01,960,
ESTAT:TEILM010(1.0),16/08/24 11:00:00,M,SA,TOTAL,M,THS_PER,JP,2024-02,1010,
ESTAT:TEILM010(1.0),16/08/24 11:00:00,M,SA,TOTAL,M,THS_PER,JP,2024-03,1000,
ESTAT:TEILM010(1.0),16/08/24 11:00:00,M,SA,TOTAL,M,THS_PER,JP,2024-04,1060,
ESTAT:TEILM010(1.0),16/08/24 11:00:00,M,SA,TOTAL,M,THS_PER,JP,2024-05,1090,
ESTAT:TEILM010(1.0),16/08/24 11:00:00,M,SA,TOTAL,M,THS_PER,JP,2024-06,990,
ESTAT:TEILM010(1.0),16/08/24 11:00:00,M,SA,TOTAL,M,THS_PER,LT,2023-08,60,
ESTAT:TEILM010(1.0),16/08/24 11:00:00,M,SA,TOTAL,M,THS_PER,LT,2023-09,61,
ESTAT:TEILM010(1.0),16/08/24 11:00:00,M,SA,TOTAL,M,THS_PER,LT,2023-10,64,
ESTAT:TEILM010(1.0),16/08/24 11:00:00,M,SA,TOTAL,M,THS_PER,LT,2023-11,63,
ESTAT:TEILM010(1.0),16/08/24 11:00:00,M,SA,TOTAL,M,THS_PER,LT,2023-12,60,
ESTAT:TEILM010(1.0),16/08/24 11:00:00,M,SA,TOTAL,M,THS_PER,LT,2024-01,62,
ESTAT:TEILM010(1.0),16/08/24 11:00:00,M,SA,TOTAL,M,THS_PER,LT,2024-02,62,
ESTAT:TEILM010(1.0),16/08/24 11:00:00,M,SA,TOTAL,M,THS_PER,LT,2024-03,62,
ESTAT:TEILM010(1.0),16/08/24 11:00:00,M,SA,TOTAL,M,THS_PER,LT,2024-04,63,
ESTAT:TEILM010(1.0),16/08/24 11:00:00,M,SA,TOTAL,M,THS_PER,LT,2024-05,63,
ESTAT:TEILM010(1.0),16/08/24 11:00:00,M,SA,TOTAL,M,THS_PER,LT,2024-06,66,
ESTAT:TEILM010(1.0),16/08/24 11:00:00,M,SA,TOTAL,M,THS_PER,LU,2023-08,9,
ESTAT:TEILM010(1.0),16/08/24 11:00:00,M,SA,TOTAL,M,THS_PER,LU,2023-09,10,
ESTAT:TEILM010(1.0),16/08/24 11:00:00,M,SA,TOTAL,M,THS_PER,LU,2023-10,10,
ESTAT:TEILM010(1.0),16/08/24 11:00:00,M,SA,TOTAL,M,THS_PER,LU,2023-11,10,
ESTAT:TEILM010(1.0),16/08/24 11:00:00,M,SA,TOTAL,M,THS_PER,LU,2023-12,10,
ESTAT:TEILM010(1.0),16/08/24 11:00:00,M,SA,TOTAL,M,THS_PER,LU,2024-01,10,
ESTAT:TEILM010(1.0),16/08/24 11:00:00,M,SA,TOTAL,M,THS_PER,LU,2024-02,10,
ESTAT:TEILM010(1.0),16/08/24 11:00:00,M,SA,TOTAL,M,THS_PER,LU,2024-03,10,
ESTAT:TEILM010(1.0),16/08/24 11:00:00,M,SA,TOTAL,M,THS_PER,LU,2024-04,10,
ESTAT:TEILM010(1.0),16/08/24 11:00:00,M,SA,TOTAL,M,THS_PER,LU,2024-05,10,
ESTAT:TEILM010(1.0),16/08/24 11:00:00,M,SA,TOTAL,M,THS_PER,LU,2024-06,10,
ESTAT:TEILM010(1.0),16/08/24 11:00:00,M,SA,TOTAL,M,THS_PER,LV,2023-08,37,
ESTAT:TEILM010(1.0),16/08/24 11:00:00,M,SA,TOTAL,M,THS_PER,LV,2023-09,36,
ESTAT:TEILM010(1.0),16/08/24 11:00:00,M,SA,TOTAL,M,THS_PER,LV,2023-10,36,
ESTAT:TEILM010(1.0),16/08/24 11:00:00,M,SA,TOTAL,M,THS_PER,LV,2023-11,37,
ESTAT:TEILM010(1.0),16/08/24 11:00:00,M,SA,TOTAL,M,THS_PER,LV,2023-12,37,
ESTAT:TEILM010(1.0),16/08/24 11:00:00,M,SA,TOTAL,M,THS_PER,LV,2024-01,37,
ESTAT:TEILM010(1.0),16/08/24 11:00:00,M,SA,TOTAL,M,THS_PER,LV,2024-02,36,
ESTAT:TEILM010(1.0),16/08/24 11:00:00,M,SA,TOTAL,M,THS_PER,LV,2024-03,35,
ESTAT:TEILM010(1.0),16/08/24 11:00:00,M,SA,TOTAL,M,THS_PER,LV,2024-04,33,
ESTAT:TEILM010(1.0),16/08/24 11:00:00,M,SA,TOTAL,M,THS_PER,LV,2024-05,32,
ESTAT:TEILM010(1.0),16/08/24 11:00:00,M,SA,TOTAL,M,THS_PER,LV,2024-06,32,
ESTAT:TEILM010(1.0),16/08/24 11:00:00,M,SA,TOTAL,M,THS_PER,MT,2023-08,6,
ESTAT:TEILM010(1.0),16/08/24 11:00:00,M,SA,TOTAL,M,THS_PER,MT,2023-09,6,
ESTAT:TEILM010(1.0),16/08/24 11:00:00,M,SA,TOTAL,M,THS_PER,MT,2023-10,6,
ESTAT:TEILM010(1.0),16/08/24 11:00:00,M,SA,TOTAL,M,THS_PER,MT,2023-11,5,
ESTAT:TEILM010(1.0),16/08/24 11:00:00,M,SA,TOTAL,M,THS_PER,MT,2023-12,5,
ESTAT:TEILM010(1.0),16/08/24 11:00:00,M,SA,TOTAL,M,THS_PER,MT,2024-01,6,
ESTAT:TEILM010(1.0),16/08/24 11:00:00,M,SA,TOTAL,M,THS_PER,MT,2024-02,6,
ESTAT:TEILM010(1.0),16/08/24 11:00:00,M,SA,TOTAL,M,THS_PER,MT,2024-03,6,
ESTAT:TEILM010(1.0),16/08/24 11:00:00,M,SA,TOTAL,M,THS_PER,MT,2024-04,7,
ESTAT:TEILM010(1.0),16/08/24 11:00:00,M,SA,TOTAL,M,THS_PER,MT,2024-05,7,
ESTAT:TEILM010(1.0),16/08/24 11:00:00,M,SA,TOTAL,M,THS_PER,MT,2024-06,7,
ESTAT:TEILM010(1.0),16/08/24 11:00:00,M,SA,TOTAL,M,THS_PER,NL,2023-08,186,
ESTAT:TEILM010(1.0),16/08/24 11:00:00,M,SA,TOTAL,M,THS_PER,NL,2023-09,189,
ESTAT:TEILM010(1.0),16/08/24 11:00:00,M,SA,TOTAL,M,THS_PER,NL,2023-10,188,
ESTAT:TEILM010(1.0),16/08/24 11:00:00,M,SA,TOTAL,M,THS_PER,NL,2023-11,186,
ESTAT:TEILM010(1.0),16/08/24 11:00:00,M,SA,TOTAL,M,THS_PER,NL,2023-12,186,
ESTAT:TEILM010(1.0),16/08/24 11:00:00,M,SA,TOTAL,M,THS_PER,NL,2024-01,186,
ESTAT:TEILM010(1.0),16/08/24 11:00:00,M,SA,TOTAL,M,THS_PER,NL,2024-02,191,
ESTAT:TEILM010(1.0),16/08/24 11:00:00,M,SA,TOTAL,M,THS_PER,NL,2024-03,190,
ESTAT:TEILM010(1.0),16/08/24 11:00:00,M,SA,TOTAL,M,THS_PER,NL,2024-04,192,
ESTAT:TEILM010(1.0),16/08/24 11:00:00,M,SA,TOTAL,M,THS_PER,NL,2024-05,188,
ESTAT:TEILM010(1.0),16/08/24 11:00:00,M,SA,TOTAL,M,THS_PER,NL,2024-06,188,
ESTAT:TEILM010(1.0),16/08/24 11:00:00,M,SA,TOTAL,M,THS_PER,NL,2024-07,185,
ESTAT:TEILM010(1.0),16/08/24 11:00:00,M,SA,TOTAL,M,THS_PER,NO,2023-08,59,
ESTAT:TEILM010(1.0),16/08/24 11:00:00,M,SA,TOTAL,M,THS_PER,NO,2023-09,58,
ESTAT:TEILM010(1.0),16/08/24 11:00:00,M,SA,TOTAL,M,THS_PER,NO,2023-10,60,
ESTAT:TEILM010(1.0),16/08/24 11:00:00,M,SA,TOTAL,M,THS_PER,NO,2023-11,63,
ESTAT:TEILM010(1.0),16/08/24 11:00:00,M,SA,TOTAL,M,THS_PER,NO,2023-12,60,
ESTAT:TEILM010(1.0),16/08/24 11:00:00,M,SA,TOTAL,M,THS_PER,NO,2024-01,73,
ESTAT:TEILM010(1.0),16/08/24 11:00:00,M,SA,TOTAL,M,THS_PER,NO,2024-02,57,
ESTAT:TEILM010(1.0),16/08/24 11:00:00,M,SA,TOTAL,M,THS_PER,NO,2024-03,66,
ESTAT:TEILM010(1.0),16/08/24 11:00:00,M,SA,TOTAL,M,THS_PER,NO,2024-04,72,
ESTAT:TEILM010(1.0),16/08/24 11:00:00,M,SA,TOTAL,M,THS_PER,NO,2024-05,68,
ESTAT:TEILM010(1.0),16/08/24 11:00:00,M,SA,TOTAL,M,THS_PER,NO,2024-06,68,
ESTAT:TEILM010(1.0),16/08/24 11:00:00,M,SA,TOTAL,M,THS_PER,PL,2023-08,264,
ESTAT:TEILM010(1.0),16/08/24 11:00:00,M,SA,TOTAL,M,THS_PER,PL,2023-09,267,
ESTAT:TEILM010(1.0),16/08/24 11:00:00,M,SA,TOTAL,M,THS_PER,PL,2023-10,274,
ESTAT:TEILM010(1.0),16/08/24 11:00:00,M,SA,TOTAL,M,THS_PER,PL,2023-11,276,
ESTAT:TEILM010(1.0),16/08/24 11:00:00,M,SA,TOTAL,M,THS_PER,PL,2023-12,272,
ESTAT:TEILM010(1.0),16/08/24 11:00:00,M,SA,TOTAL,M,THS_PER,PL,2024-01,263,
ESTAT:TEILM010(1.0),16/08/24 11:00:00,M,SA,TOTAL,M,THS_PER,PL,2024-02,260,
ESTAT:TEILM010(1.0),16/08/24 11:00:00,M,SA,TOTAL,M,THS_PER,PL,2024-03,263,
ESTAT:TEILM010(1.0),16/08/24 11:00:00,M,SA,TOTAL,M,THS_PER,PL,2024-04,266,
ESTAT:TEILM010(1.0),16/08/24 11:00:00,M,SA,TOTAL,M,THS_PER,PL,2024-05,266,
ESTAT:TEILM010(1.0),16/08/24 11:00:00,M,SA,TOTAL,M,THS_PER,PL,2024-06,266,
ESTAT:TEILM010(1.0),16/08/24 11:00:00,M,SA,TOTAL,M,THS_PER,PT,2023-08,155,
ESTAT:TEILM010(1.0),16/08/24 11:00:00,M,SA,TOTAL,M,THS_PER,PT,2023-09,161,
ESTAT:TEILM010(1.0),16/08/24 11:00:00,M,SA,TOTAL,M,THS_PER,PT,2023-10,165,
ESTAT:TEILM010(1.0),16/08/24 11:00:00,M,SA,TOTAL,M,THS_PER,PT,2023-11,165,
ESTAT:TEILM010(1.0),16/08/24 11:00:00,M,SA,TOTAL,M,THS_PER,PT,2023-12,168,
ESTAT:TEILM010(1.0),16/08/24 11:00:00,M,SA,TOTAL,M,THS_PER,PT,2024-01,163,
ESTAT:TEILM010(1.0),16/08/24 11:00:00,M,SA,TOTAL,M,THS_PER,PT,2024-02,161,
ESTAT:TEILM010(1.0),16/08/24 11:00:00,M,SA,TOTAL,M,THS_PER,PT,2024-03,151,
ESTAT:TEILM010(1.0),16/08/24 11:00:00,M,SA,TOTAL,M,THS_PER,PT,2024-04,154,
ESTAT:TEILM010(1.0),16/08/24 11:00:00,M,SA,TOTAL,M,THS_PER,PT,2024-05,161,
ESTAT:TEILM010(1.0),16/08/24 11:00:00,M,SA,TOTAL,M,THS_PER,PT,2024-06,175,
ESTAT:TEILM010(1.0),16/08/24 11:00:00,M,SA,TOTAL,M,THS_PER,RO,2023-08,274,
ESTAT:TEILM010(1.0),16/08/24 11:00:00,M,SA,TOTAL,M,THS_PER,RO,2023-09,281,
ESTAT:TEILM010(1.0),16/08/24 11:00:00,M,SA,TOTAL,M,THS_PER,RO,2023-10,278,
ESTAT:TEILM010(1.0),16/08/24 11:00:00,M,SA,TOTAL,M,THS_PER,RO,2023-11,272,
ESTAT:TEILM010(1.0),16/08/24 11:00:00,M,SA,TOTAL,M,THS_PER,RO,2023-12,295,
ESTAT:TEILM010(1.0),16/08/24 11:00:00,M,SA,TOTAL,M,THS_PER,RO,2024-01,270,
ESTAT:TEILM010(1.0),16/08/24 11:00:00,M,SA,TOTAL,M,THS_PER,RO,2024-02,264,
ESTAT:TEILM010(1.0),16/08/24 11:00:00,M,SA,TOTAL,M,THS_PER,RO,2024-03,265,
ESTAT:TEILM010(1.0),16/08/24 11:00:00,M,SA,TOTAL,M,THS_PER,RO,2024-04,264,
ESTAT:TEILM010(1.0),16/08/24 11:00:00,M,SA,TOTAL,M,THS_PER,RO,2024-05,259,
ESTAT:TEILM010(1.0),16/08/24 11:00:00,M,SA,TOTAL,M,THS_PER,RO,2024-06,266,
ESTAT:TEILM010(1.0),16/08/24 11:00:00,M,SA,TOTAL,M,THS_PER,SE,2023-08,230,
ESTAT:TEILM010(1.0),16/08/24 11:00:00,M,SA,TOTAL,M,THS_PER,SE,2023-09,230,
ESTAT:TEILM010(1.0),16/08/24 11:00:00,M,SA,TOTAL,M,THS_PER,SE,2023-10,237,
ESTAT:TEILM010(1.0),16/08/24 11:00:00,M,SA,TOTAL,M,THS_PER,SE,2023-11,239,
ESTAT:TEILM010(1.0),16/08/24 11:00:00,M,SA,TOTAL,M,THS_PER,SE,2023-12,233,
ESTAT:TEILM010(1.0),16/08/24 11:00:00,M,SA,TOTAL,M,THS_PER,SE,2024-01,247,
ESTAT:TEILM010(1.0),16/08/24 11:00:00,M,SA,TOTAL,M,THS_PER,SE,2024-02,249,
ESTAT:TEILM010(1.0),16/08/24 11:00:00,M,SA,TOTAL,M,THS_PER,SE,2024-03,255,
ESTAT:TEILM010(1.0),16/08/24 11:00:00,M,SA,TOTAL,M,THS_PER,SE,2024-04,260,
ESTAT:TEILM010(1.0),16/08/24 11:00:00,M,SA,TOTAL,M,THS_PER,SE,2024-05,239,
ESTAT:TEILM010(1.0),16/08/24 11:00:00,M,SA,TOTAL,M,THS_PER,SE,2024-06,239,
ESTAT:TEILM010(1.0),16/08/24 11:00:00,M,SA,TOTAL,M,THS_PER,SI,2023-08,20,
ESTAT:TEILM010(1.0),16/08/24 11:00:00,M,SA,TOTAL,M,THS_PER,SI,2023-09,20,
ESTAT:TEILM010(1.0),16/08/24 11:00:00,M,SA,TOTAL,M,THS_PER,SI,2023-10,19,
ESTAT:TEILM010(1.0),16/08/24 11:00:00,M,SA,TOTAL,M,THS_PER,SI,2023-11,19,
ESTAT:TEILM010(1.0),16/08/24 11:00:00,M,SA,TOTAL,M,THS_PER,SI,2023-12,18,
ESTAT:TEILM010(1.0),16/08/24 11:00:00,M,SA,TOTAL,M,THS_PER,SI,2024-01,17,
ESTAT:TEILM010(1.0),16/08/24 11:00:00,M,SA,TOTAL,M,THS_PER,SI,2024-02,17,
ESTAT:TEILM010(1.0),16/08/24 11:00:00,M,SA,TOTAL,M,THS_PER,SI,2024-03,16,
ESTAT:TEILM010(1.0),16/08/24 11:00:00,M,SA,TOTAL,M,THS_PER,SI,2024-04,16,
ESTAT:TEILM010(1.0),16/08/24 11:00:00,M,SA,TOTAL,M,THS_PER,SI,2024-05,15,
ESTAT:TEILM010(1.0),16/08/24 11:00:00,M,SA,TOTAL,M,THS_PER,SI,2024-06,15,
ESTAT:TEILM010(1.0),16/08/24 11:00:00,M,SA,TOTAL,M,THS_PER,SK,2023-08,83,
ESTAT:TEILM010(1.0),16/08/24 11:00:00,M,SA,TOTAL,M,THS_PER,SK,2023-09,82,
ESTAT:TEILM010(1.0),16/08/24 11:00:00,M,SA,TOTAL,M,THS_PER,SK,2023-10,81,
ESTAT:TEILM010(1.0),16/08/24 11:00:00,M,SA,TOTAL,M,THS_PER,SK,2023-11,80,
ESTAT:TEILM010(1.0),16/08/24 11:00:00,M,SA,TOTAL,M,THS_PER,SK,2023-12,79,
ESTAT:TEILM010(1.0),16/08/24 11:00:00,M,SA,TOTAL,M,THS_PER,SK,2024-01,78,
ESTAT:TEILM010(1.0),16/08/24 11:00:00,M,SA,TOTAL,M,THS_PER,SK,2024-02,77,
ESTAT:TEILM010(1.0),16/08/24 11:00:00,M,SA,TOTAL,M,THS_PER,SK,2024-03,76,
ESTAT:TEILM010(1.0),16/08/24 11:00:00,M,SA,TOTAL,M,THS_PER,SK,2024-04,76,
ESTAT:TEILM010(1.0),16/08/24 11:00:00,M,SA,TOTAL,M,THS_PER,SK,2024-05,76,
ESTAT:TEILM010(1.0),16/08/24 11:00:00,M,SA,TOTAL,M,THS_PER,SK,2024-06,76,
ESTAT:TEILM010(1.0),16/08/24 11:00:00,M,SA,TOTAL,M,THS_PER,TR,2023-08,1727,
ESTAT:TEILM010(1.0),16/08/24 11:00:00,M,SA,TOTAL,M,THS_PER,TR,2023-09,1724,
ESTAT:TEILM010(1.0),16/08/24 11:00:00,M,SA,TOTAL,M,THS_PER,TR,2023-10,1642,
ESTAT:TEILM010(1.0),16/08/24 11:00:00,M,SA,TOTAL,M,THS_PER,TR,2023-11,1729,
ESTAT:TEILM010(1.0),16/08/24 11:00:00,M,SA,TOTAL,M,THS_PER,TR,2023-12,1664,
ESTAT:TEILM010(1.0),16/08/24 11:00:00,M,SA,TOTAL,M,THS_PER,TR,2024-01,1770,
ESTAT:TEILM010(1.0),16/08/24 11:00:00,M,SA,TOTAL,M,THS_PER,TR,2024-02,1697,
ESTAT:TEILM010(1.0),16/08/24 11:00:00,M,SA,TOTAL,M,THS_PER,TR,2024-03,1609,
ESTAT:TEILM010(1.0),16/08/24 11:00:00,M,SA,TOTAL,M,THS_PER,TR,2024-04,1681,
ESTAT:TEILM010(1.0),16/08/24 11:00:00,M,SA,TOTAL,M,THS_PER,TR,2024-05,1654,
ESTAT:TEILM010(1.0),16/08/24 11:00:00,M,SA,TOTAL,M,THS_PER,US,2023-08,3536,
ESTAT:TEILM010(1.0),16/08/24 11:00:00,M,SA,TOTAL,M,THS_PER,US,2023-09,3645,
ESTAT:TEILM010(1.0),16/08/24 11:00:00,M,SA,TOTAL,M,THS_PER,US,2023-10,3617,
ESTAT:TEILM010(1.0),16/08/24 11:00:00,M,SA,TOTAL,M,THS_PER,US,2023-11,3597,
ESTAT:TEILM010(1.0),16/08/24 11:00:00,M,SA,TOTAL,M,THS_PER,US,2023-12,3503,
ESTAT:TEILM010(1.0),16/08/24 11:00:00,M,SA,TOTAL,M,THS_PER,US,2024-01,3548,
ESTAT:TEILM010(1.0),16/08/24 11:00:00,M,SA,TOTAL,M,THS_PER,US,2024-02,3480,
ESTAT:TEILM010(1.0),16/08/24 11:00:00,M,SA,TOTAL,M,THS_PER,US,2024-03,3345,
ESTAT:TEILM010(1.0),16/08/24 11:00:00,M,SA,TOTAL,M,THS_PER,US,2024-04,3477,
ESTAT:TEILM010(1.0),16/08/24 11:00:00,M,SA,TOTAL,M,THS_PER,US,2024-05,3710,
ESTAT:TEILM010(1.0),16/08/24 11:00:00,M,SA,TOTAL,M,THS_PER,US,2024-06,3627,
ESTAT:TEILM010(1.0),16/08/24 11:00:00,M,SA,TOTAL,T,THS_PER,AT,2023-08,254,
ESTAT:TEILM010(1.0),16/08/24 11:00:00,M,SA,TOTAL,T,THS_PER,AT,2023-09,252,
ESTAT:TEILM010(1.0),16/08/24 11:00:00,M,SA,TOTAL,T,THS_PER,AT,2023-10,243,
ESTAT:TEILM010(1.0),16/08/24 11:00:00,M,SA,TOTAL,T,THS_PER,AT,2023-11,234,
ESTAT:TEILM010(1.0),16/08/24 11:00:00,M,SA,TOTAL,T,THS_PER,AT,2023-12,254,
ESTAT:TEILM010(1.0),16/08/24 11:00:00,M,SA,TOTAL,T,THS_PER,AT,2024-01,235,
ESTAT:TEILM010(1.0),16/08/24 11:00:00,M,SA,TOTAL,T,THS_PER,AT,2024-02,221,
ESTAT:TEILM010(1.0),16/08/24 11:00:00,M,SA,TOTAL,T,THS_PER,AT,2024-03,232,
ESTAT:TEILM010(1.0),16/08/24 11:00:00,M,SA,TOTAL,T,THS_PER,AT,2024-04,227,
ESTAT:TEILM010(1.0),16/08/24 11:00:00,M,SA,TOTAL,T,THS_PER,AT,2024-05,241,
ESTAT:TEILM010(1.0),16/08/24 11:00:00,M,SA,TOTAL,T,THS_PER,AT,2024-06,249,
ESTAT:TEILM010(1.0),16/08/24 11:00:00,M,SA,TOTAL,T,THS_PER,BE,2023-08,280,
ESTAT:TEILM010(1.0),16/08/24 11:00:00,M,SA,TOTAL,T,THS_PER,BE,2023-09,286,
ESTAT:TEILM010(1.0),16/08/24 11:00:00,M,SA,TOTAL,T,THS_PER,BE,2023-10,294,
ESTAT:TEILM010(1.0),16/08/24 11:00:00,M,SA,TOTAL,T,THS_PER,BE,2023-11,294,
ESTAT:TEILM010(1.0),16/08/24 11:00:00,M,SA,TOTAL,T,THS_PER,BE,2023-12,299,
ESTAT:TEILM010(1.0),16/08/24 11:00:00,M,SA,TOTAL,T,THS_PER,BE,2024-01,301,
ESTAT:TEILM010(1.0),16/08/24 11:00:00,M,SA,TOTAL,T,THS_PER,BE,2024-02,304,
ESTAT:TEILM010(1.0),16/08/24 11:00:00,M,SA,TOTAL,T,THS_PER,BE,2024-03,306,
ESTAT:TEILM010(1.0),16/08/24 11:00:00,M,SA,TOTAL,T,THS_PER,BE,2024-04,311,
ESTAT:TEILM010(1.0),16/08/24 11:00:00,M,SA,TOTAL,T,THS_PER,BE,2024-05,316,
ESTAT:TEILM010(1.0),16/08/24 11:00:00,M,SA,TOTAL,T,THS_PER,BE,2024-06,315,
ESTAT:TEILM010(1.0),16/08/24 11:00:00,M,SA,TOTAL,T,THS_PER,BG,2023-08,135,
ESTAT:TEILM010(1.0),16/08/24 11:00:00,M,SA,TOTAL,T,THS_PER,BG,2023-09,135,
ESTAT:TEILM010(1.0),16/08/24 11:00:00,M,SA,TOTAL,T,THS_PER,BG,2023-10,134,
ESTAT:TEILM010(1.0),16/08/24 11:00:00,M,SA,TOTAL,T,THS_PER,BG,2023-11,134,
ESTAT:TEILM010(1.0),16/08/24 11:00:00,M,SA,TOTAL,T,THS_PER,BG,2023-12,135,
ESTAT:TEILM010(1.0),16/08/24 11:00:00,M,SA,TOTAL,T,THS_PER,BG,2024-01,141,
ESTAT:TEILM010(1.0),16/08/24 11:00:00,M,SA,TOTAL,T,THS_PER,BG,2024-02,145,
ESTAT:TEILM010(1.0),16/08/24 11:00:00,M,SA,TOTAL,T,THS_PER,BG,2024-03,144,
ESTAT:TEILM010(1.0),16/08/24 11:00:00,M,SA,TOTAL,T,THS_PER,BG,2024-04,142,
ESTAT:TEILM010(1.0),16/08/24 11:00:00,M,SA,TOTAL,T,THS_PER,BG,2024-05,139,
ESTAT:TEILM010(1.0),16/08/24 11:00:00,M,SA,TOTAL,T,THS_PER,BG,2024-06,141,
ESTAT:TEILM010(1.0),16/08/24 11:00:00,M,SA,TOTAL,T,THS_PER,CH,2023-08,201,
ESTAT:TEILM010(1.0),16/08/24 11:00:00,M,SA,TOTAL,T,THS_PER,CH,2023-09,207,
ESTAT:TEILM010(1.0),16/08/24 11:00:00,M,SA,TOTAL,T,THS_PER,CH,2023-10,209,
ESTAT:TEILM010(1.0),16/08/24 11:00:00,M,SA,TOTAL,T,THS_PER,CH,2023-11,208,
ESTAT:TEILM010(1.0),16/08/24 11:00:00,M,SA,TOTAL,T,THS_PER,CH,2023-12,208,
ESTAT:TEILM010(1.0),16/08/24 11:00:00,M,SA,TOTAL,T,THS_PER,CH,2024-01,206,
ESTAT:TEILM010(1.0),16/08/24 11:00:00,M,SA,TOTAL,T,THS_PER,CH,2024-02,207,
ESTAT:TEILM010(1.0),16/08/24 11:00:00,M,SA,TOTAL,T,THS_PER,CH,2024-03,210,
ESTAT:TEILM010(1.0),16/08/24 11:00:00,M,SA,TOTAL,T,THS_PER,CY,2023-08,29,
ESTAT:TEILM010(1.0),16/08/24 11:00:00,M,SA,TOTAL,T,THS_PER,CY,2023-09,29,
ESTAT:TEILM010(1.0),16/08/24 11:00:00,M,SA,TOTAL,T,THS_PER,CY,2023-10,29,
ESTAT:TEILM010(1.0),16/08/24 11:00:00,M,SA,TOTAL,T,THS_PER,CY,2023-11,28,
ESTAT:TEILM010(1.0),16/08/24 11:00:00,M,SA,TOTAL,T,THS_PER,CY,2023-12,29,
ESTAT:TEILM010(1.0),16/08/24 11:00:00,M,SA,TOTAL,T,THS_PER,CY,2024-01,29,
ESTAT:TEILM010(1.0),16/08/24 11:00:00,M,SA,TOTAL,T,THS_PER,CY,2024-02,27,
ESTAT:TEILM010(1.0),16/08/24 11:00:00,M,SA,TOTAL,T,THS_PER,CY,2024-03,24,
ESTAT:TEILM010(1.0),16/08/24 11:00:00,M,SA,TOTAL,T,THS_PER,CY,2024-04,22,
ESTAT:TEILM010(1.0),16/08/24 11:00:00,M,SA,TOTAL,T,THS_PER,CY,2024-05,20,
ESTAT:TEILM010(1.0),16/08/24 11:00:00,M,SA,TOTAL,T,THS_PER,CY,2024-06,21,
ESTAT:TEILM010(1.0),16/08/24 11:00:00,M,SA,TOTAL,T,THS_PER,CZ,2023-08,134,
ESTAT:TEILM010(1.0),16/08/24 11:00:00,M,SA,TOTAL,T,THS_PER,CZ,2023-09,137,
ESTAT:TEILM010(1.0),16/08/24 11:00:00,M,SA,TOTAL,T,THS_PER,CZ,2023-10,148,
ESTAT:TEILM010(1.0),16/08/24 11:00:00,M,SA,TOTAL,T,THS_PER,CZ,2023-11,133,
ESTAT:TEILM010(1.0),16/08/24 11:00:00,M,SA,TOTAL,T,THS_PER,CZ,2023-12,142,
ESTAT:TEILM010(1.0),16/08/24 11:00:00,M,SA,TOTAL,T,THS_PER,CZ,2024-01,153,
ESTAT:TEILM010(1.0),16/08/24 11:00:00,M,SA,TOTAL,T,THS_PER,CZ,2024-02,138,
ESTAT:TEILM010(1.0),16/08/24 11:00:00,M,SA,TOTAL,T,THS_PER,CZ,2024-03,151,
ESTAT:TEILM010(1.0),16/08/24 11:00:00,M,SA,TOTAL,T,THS_PER,CZ,2024-04,144,
ESTAT:TEILM010(1.0),16/08/24 11:00:00,M,SA,TOTAL,T,THS_PER,CZ,2024-05,139,
ESTAT:TEILM010(1.0),16/08/24 11:00:00,M,SA,TOTAL,T,THS_PER,CZ,2024-06,141,
ESTAT:TEILM010(1.0),16/08/24 11:00:00,M,SA,TOTAL,T,THS_PER,DE,2023-08,1342,
ESTAT:TEILM010(1.0),16/08/24 11:00:00,M,SA,TOTAL,T,THS_PER,DE,2023-09,1358,
ESTAT:TEILM010(1.0),16/08/24 11:00:00,M,SA,TOTAL,T,THS_PER,DE,2023-10,1374,
ESTAT:TEILM010(1.0),16/08/24 11:00:00,M,SA,TOTAL,T,THS_PER,DE,2023-11,1389,
ESTAT:TEILM010(1.0),16/08/24 11:00:00,M,SA,TOTAL,T,THS_PER,DE,2023-12,1406,
ESTAT:TEILM010(1.0),16/08/24 11:00:00,M,SA,TOTAL,T,THS_PER,DE,2024-01,1425,
ESTAT:TEILM010(1.0),16/08/24 11:00:00,M,SA,TOTAL,T,THS_PER,DE,2024-02,1447,
ESTAT:TEILM010(1.0),16/08/24 11:00:00,M,SA,TOTAL,T,THS_PER,DE,2024-03,1468,
ESTAT:TEILM010(1.0),16/08/24 11:00:00,M,SA,TOTAL,T,THS_PER,DE,2024-04,1485,
ESTAT:TEILM010(1.0),16/08/24 11:00:00,M,SA,TOTAL,T,THS_PER,DE,2024-05,1495,
ESTAT:TEILM010(1.0),16/08/24 11:00:00,M,SA,TOTAL,T,THS_PER,DE,2024-06,1496,
ESTAT:TEILM010(1.0),16/08/24 11:00:00,M,SA,TOTAL,T,THS_PER,DK,2023-08,130,
ESTAT:TEILM010(1.0),16/08/24 11:00:00,M,SA,TOTAL,T,THS_PER,DK,2023-09,154,
ESTAT:TEILM010(1.0),16/08/24 11:00:00,M,SA,TOTAL,T,THS_PER,DK,2023-10,198,b
ESTAT:TEILM010(1.0),16/08/24 11:00:00,M,SA,TOTAL,T,THS_PER,DK,2023-11,192,
ESTAT:TEILM010(1.0),16/08/24 11:00:00,M,SA,TOTAL,T,THS_PER,DK,2023-12,192,
ESTAT:TEILM010(1.0),16/08/24 11:00:00,M,SA,TOTAL,T,THS_PER,DK,2024-01,193,
ESTAT:TEILM010(1.0),16/08/24 11:00:00,M,SA,TOTAL,T,THS_PER,DK,2024-02,191,
ESTAT:TEILM010(1.0),16/08/24 11:00:00,M,SA,TOTAL,T,THS_PER,DK,2024-03,186,
ESTAT:TEILM010(1.0),16/08/24 11:00:00,M,SA,TOTAL,T,THS_PER,DK,2024-04,188,
ESTAT:TEILM010(1.0),16/08/24 11:00:00,M,SA,TOTAL,T,THS_PER,DK,2024-05,189,
ESTAT:TEILM010(1.0),16/08/24 11:00:00,M,SA,TOTAL,T,THS_PER,DK,2024-06,190,
ESTAT:TEILM010(1.0),16/08/24 11:00:00,M,SA,TOTAL,T,THS_PER,EA20,2023-08,11102,
ESTAT:TEILM010(1.0),16/08/24 11:00:00,M,SA,TOTAL,T,THS_PER,EA20,2023-09,11177,
ESTAT:TEILM010(1.0),16/08/24 11:00:00,M,SA,TOTAL,T,THS_PER,EA20,2023-10,11207,
ESTAT:TEILM010(1.0),16/08/24 11:00:00,M,SA,TOTAL,T,THS_PER,EA20,2023-11,11160,
ESTAT:TEILM010(1.0),16/08/24 11:00:00,M,SA,TOTAL,T,THS_PER,EA20,2023-12,11146,
ESTAT:TEILM010(1.0),16/08/24 11:00:00,M,SA,TOTAL,T,THS_PER,EA20,2024-01,11200,
ESTAT:TEILM010(1.0),16/08/24 11:00:00,M,SA,TOTAL,T,THS_PER,EA20,2024-02,11232,
ESTAT:TEILM010(1.0),16/08/24 11:00:00,M,SA,TOTAL,T,THS_PER,EA20,2024-03,11143,
ESTAT:TEILM010(1.0),16/08/24 11:00:00,M,SA,TOTAL,T,THS_PER,EA20,2024-04,11047,
ESTAT:TEILM010(1.0),16/08/24 11:00:00,M,SA,TOTAL,T,THS_PER,EA20,2024-05,11081,
ESTAT:TEILM010(1.0),16/08/24 11:00:00,M,SA,TOTAL,T,THS_PER,EA20,2024-06,11122,
ESTAT:TEILM010(1.0),16/08/24 11:00:00,M,SA,TOTAL,T,THS_PER,EE,2023-08,56,
ESTAT:TEILM010(1.0),16/08/24 11:00:00,M,SA,TOTAL,T,THS_PER,EE,2023-09,49,
ESTAT:TEILM010(1.0),16/08/24 11:00:00,M,SA,TOTAL,T,THS_PER,EE,2023-10,47,
ESTAT:TEILM010(1.0),16/08/24 11:00:00,M,SA,TOTAL,T,THS_PER,EE,2023-11,48,
ESTAT:TEILM010(1.0),16/08/24 11:00:00,M,SA,TOTAL,T,THS_PER,EE,2023-12,52,
ESTAT:TEILM010(1.0),16/08/24 11:00:00,M,SA,TOTAL,T,THS_PER,EE,2024-01,56,
ESTAT:TEILM010(1.0),16/08/24 11:00:00,M,SA,TOTAL,T,THS_PER,EE,2024-02,57,
ESTAT:TEILM010(1.0),16/08/24 11:00:00,M,SA,TOTAL,T,THS_PER,EE,2024-03,57,
ESTAT:TEILM010(1.0),16/08/24 11:00:00,M,SA,TOTAL,T,THS_PER,EE,2024-04,57,
ESTAT:TEILM010(1.0),16/08/24 11:00:00,M,SA,TOTAL,T,THS_PER,EE,2024-05,56,
ESTAT:TEILM010(1.0),16/08/24 11:00:00,M,SA,TOTAL,T,THS_PER,EE,2024-06,56,
ESTAT:TEILM010(1.0),16/08/24 11:00:00,M,SA,TOTAL,T,THS_PER,EL,2023-08,521,
ESTAT:TEILM010(1.0),16/08/24 11:00:00,M,SA,TOTAL,T,THS_PER,EL,2023-09,514,
ESTAT:TEILM010(1.0),16/08/24 11:00:00,M,SA,TOTAL,T,THS_PER,EL,2023-10,513,
ESTAT:TEILM010(1.0),16/08/24 11:00:00,M,SA,TOTAL,T,THS_PER,EL,2023-11,511,
ESTAT:TEILM010(1.0),16/08/24 11:00:00,M,SA,TOTAL,T,THS_PER,EL,2023-12,503,
ESTAT:TEILM010(1.0),16/08/24 11:00:00,M,SA,TOTAL,T,THS_PER,EL,2024-01,533,
ESTAT:TEILM010(1.0),16/08/24 11:00:00,M,SA,TOTAL,T,THS_PER,EL,2024-02,541,
ESTAT:TEILM010(1.0),16/08/24 11:00:00,M,SA,TOTAL,T,THS_PER,EL,2024-03,505,
ESTAT:TEILM010(1.0),16/08/24 11:00:00,M,SA,TOTAL,T,THS_PER,EL,2024-04,502,
ESTAT:TEILM010(1.0),16/08/24 11:00:00,M,SA,TOTAL,T,THS_PER,EL,2024-05,487,
ESTAT:TEILM010(1.0),16/08/24 11:00:00,M,SA,TOTAL,T,THS_PER,EL,2024-06,457,
ESTAT:TEILM010(1.0),16/08/24 11:00:00,M,SA,TOTAL,T,THS_PER,ES,2023-08,2898,
ESTAT:TEILM010(1.0),16/08/24 11:00:00,M,SA,TOTAL,T,THS_PER,ES,2023-09,2902,
ESTAT:TEILM010(1.0),16/08/24 11:00:00,M,SA,TOTAL,T,THS_PER,ES,2023-10,2888,
ESTAT:TEILM010(1.0),16/08/24 11:00:00,M,SA,TOTAL,T,THS_PER,ES,2023-11,2870,
ESTAT:TEILM010(1.0),16/08/24 11:00:00,M,SA,TOTAL,T,THS_PER,ES,2023-12,2874,
ESTAT:TEILM010(1.0),16/08/24 11:00:00,M,SA,TOTAL,T,THS_PER,ES,2024-01,2883,
ESTAT:TEILM010(1.0),16/08/24 11:00:00,M,SA,TOTAL,T,THS_PER,ES,2024-02,2870,
ESTAT:TEILM010(1.0),16/08/24 11:00:00,M,SA,TOTAL,T,THS_PER,ES,2024-03,2857,
ESTAT:TEILM010(1.0),16/08/24 11:00:00,M,SA,TOTAL,T,THS_PER,ES,2024-04,2843,
ESTAT:TEILM010(1.0),16/08/24 11:00:00,M,SA,TOTAL,T,THS_PER,ES,2024-05,2842,
ESTAT:TEILM010(1.0),16/08/24 11:00:00,M,SA,TOTAL,T,THS_PER,ES,2024-06,2831,
ESTAT:TEILM010(1.0),16/08/24 11:00:00,M,SA,TOTAL,T,THS_PER,EU27_2020,2023-08,13109,
ESTAT:TEILM010(1.0),16/08/24 11:00:00,M,SA,TOTAL,T,THS_PER,EU27_2020,2023-09,13231,
ESTAT:TEILM010(1.0),16/08/24 11:00:00,M,SA,TOTAL,T,THS_PER,EU27_2020,2023-10,13332,
ESTAT:TEILM010(1.0),16/08/24 11:00:00,M,SA,TOTAL,T,THS_PER,EU27_2020,2023-11,13268,
ESTAT:TEILM010(1.0),16/08/24 11:00:00,M,SA,TOTAL,T,THS_PER,EU27_2020,2023-12,13290,
ESTAT:TEILM010(1.0),16/08/24 11:00:00,M,SA,TOTAL,T,THS_PER,EU27_2020,2024-01,13350,
ESTAT:TEILM010(1.0),16/08/24 11:00:00,M,SA,TOTAL,T,THS_PER,EU27_2020,2024-02,13340,
ESTAT:TEILM010(1.0),16/08/24 11:00:00,M,SA,TOTAL,T,THS_PER,EU27_2020,2024-03,13295,
ESTAT:TEILM010(1.0),16/08/24 11:00:00,M,SA,TOTAL,T,THS_PER,EU27_2020,2024-04,13198,
ESTAT:TEILM010(1.0),16/08/24 11:00:00,M,SA,TOTAL,T,THS_PER,EU27_2020,2024-05,13206,
ESTAT:TEILM010(1.0),16/08/24 11:00:00,M,SA,TOTAL,T,THS_PER,EU27_2020,2024-06,13258,
ESTAT:TEILM010(1.0),16/08/24 11:00:00,M,SA,TOTAL,T,THS_PER,FI,2023-08,209,
ESTAT:TEILM010(1.0),16/08/24 11:00:00,M,SA,TOTAL,T,THS_PER,FI,2023-09,213,
ESTAT:TEILM010(1.0),16/08/24 11:00:00,M,SA,TOTAL,T,THS_PER,FI,2023-10,213,
ESTAT:TEILM010(1.0),16/08/24 11:00:00,M,SA,TOTAL,T,THS_PER,FI,2023-11,217,
ESTAT:TEILM010(1.0),16/08/24 11:00:00,M,SA,TOTAL,T,THS_PER,FI,2023-12,215,
ESTAT:TEILM010(1.0),16/08/24 11:00:00,M,SA,TOTAL,T,THS_PER,FI,2024-01,221,
ESTAT:TEILM010(1.0),16/08/24 11:00:00,M,SA,TOTAL,T,THS_PER,FI,2024-02,220,
ESTAT:TEILM010(1.0),16/08/24 11:00:00,M,SA,TOTAL,T,THS_PER,FI,2024-03,241,
ESTAT:TEILM010(1.0),16/08/24 11:00:00,M,SA,TOTAL,T,THS_PER,FI,2024-04,237,
ESTAT:TEILM010(1.0),16/08/24 11:00:00,M,SA,TOTAL,T,THS_PER,FI,2024-05,234,
ESTAT:TEILM010(1.0),16/08/24 11:00:00,M,SA,TOTAL,T,THS_PER,FI,2024-06,238,
ESTAT:TEILM010(1.0),16/08/24 11:00:00,M,SA,TOTAL,T,THS_PER,FR,2023-08,2275,
ESTAT:TEILM010(1.0),16/08/24 11:00:00,M,SA,TOTAL,T,THS_PER,FR,2023-09,2277,
ESTAT:TEILM010(1.0),16/08/24 11:00:00,M,SA,TOTAL,T,THS_PER,FR,2023-10,2309,
ESTAT:TEILM010(1.0),16/08/24 11:00:00,M,SA,TOTAL,T,THS_PER,FR,2023-11,2328,
ESTAT:TEILM010(1.0),16/08/24 11:00:00,M,SA,TOTAL,T,THS_PER,FR,2023-12,2341,
ESTAT:TEILM010(1.0),16/08/24 11:00:00,M,SA,TOTAL,T,THS_PER,FR,2024-01,2332,
ESTAT:TEILM010(1.0),16/08/24 11:00:00,M,SA,TOTAL,T,THS_PER,FR,2024-02,2318,
ESTAT:TEILM010(1.0),16/08/24 11:00:00,M,SA,TOTAL,T,THS_PER,FR,2024-03,2310,
ESTAT:TEILM010(1.0),16/08/24 11:00:00,M,SA,TOTAL,T,THS_PER,FR,2024-04,2275,
ESTAT:TEILM010(1.0),16/08/24 11:00:00,M,SA,TOTAL,T,THS_PER,FR,2024-05,2298,
ESTAT:TEILM010(1.0),16/08/24 11:00:00,M,SA,TOTAL,T,THS_PER,FR,2024-06,2319,
ESTAT:TEILM010(1.0),16/08/24 11:00:00,M,SA,TOTAL,T,THS_PER,HR,2023-08,104,
ESTAT:TEILM010(1.0),16/08/24 11:00:00,M,SA,TOTAL,T,THS_PER,HR,2023-09,104,
ESTAT:TEILM010(1.0),16/08/24 11:00:00,M,SA,TOTAL,T,THS_PER,HR,2023-10,102,
ESTAT:TEILM010(1.0),16/08/24 11:00:00,M,SA,TOTAL,T,THS_PER,HR,2023-11,100,
ESTAT:TEILM010(1.0),16/08/24 11:00:00,M,SA,TOTAL,T,THS_PER,HR,2023-12,99,
ESTAT:TEILM010(1.0),16/08/24 11:00:00,M,SA,TOTAL,T,THS_PER,HR,2024-01,97,
ESTAT:TEILM010(1.0),16/08/24 11:00:00,M,SA,TOTAL,T,THS_PER,HR,2024-02,95,
ESTAT:TEILM010(1.0),16/08/24 11:00:00,M,SA,TOTAL,T,THS_PER,HR,2024-03,94,
ESTAT:TEILM010(1.0),16/08/24 11:00:00,M,SA,TOTAL,T,THS_PER,HR,2024-04,92,
ESTAT:TEILM010(1.0),16/08/24 11:00:00,M,SA,TOTAL,T,THS_PER,HR,2024-05,91,
ESTAT:TEILM010(1.0),16/08/24 11:00:00,M,SA,TOTAL,T,THS_PER,HR,2024-06,90,
ESTAT:TEILM010(1.0),16/08/24 11:00:00,M,SA,TOTAL,T,THS_PER,HU,2023-08,199,
ESTAT:TEILM010(1.0),16/08/24 11:00:00,M,SA,TOTAL,T,THS_PER,HU,2023-09,196,
ESTAT:TEILM010(1.0),16/08/24 11:00:00,M,SA,TOTAL,T,THS_PER,HU,2023-10,204,
ESTAT:TEILM010(1.0),16/08/24 11:00:00,M,SA,TOTAL,T,THS_PER,HU,2023-11,207,
ESTAT:TEILM010(1.0),16/08/24 11:00:00,M,SA,TOTAL,T,THS_PER,HU,2023-12,209,
ESTAT:TEILM010(1.0),16/08/24 11:00:00,M,SA,TOTAL,T,THS_PER,HU,2024-01,214,
ESTAT:TEILM010(1.0),16/08/24 11:00:00,M,SA,TOTAL,T,THS_PER,HU,2024-02,217,
ESTAT:TEILM010(1.0),16/08/24 11:00:00,M,SA,TOTAL,T,THS_PER,HU,2024-03,215,
ESTAT:TEILM010(1.0),16/08/24 11:00:00,M,SA,TOTAL,T,THS_PER,HU,2024-04,217,
ESTAT:TEILM010(1.0),16/08/24 11:00:00,M,SA,TOTAL,T,THS_PER,HU,2024-05,215,
ESTAT:TEILM010(1.0),16/08/24 11:00:00,M,SA,TOTAL,T,THS_PER,HU,2024-06,214,
ESTAT:TEILM010(1.0),16/08/24 11:00:00,M,SA,TOTAL,T,THS_PER,IE,2023-08,120,
ESTAT:TEILM010(1.0),16/08/24 11:00:00,M,SA,TOTAL,T,THS_PER,IE,2023-09,126,
ESTAT:TEILM010(1.0),16/08/24 11:00:00,M,SA,TOTAL,T,THS_PER,IE,2023-10,127,
ESTAT:TEILM010(1.0),16/08/24 11:00:00,M,SA,TOTAL,T,THS_PER,IE,2023-11,126,
ESTAT:TEILM010(1.0),16/08/24 11:00:00,M,SA,TOTAL,T,THS_PER,IE,2023-12,127,
ESTAT:TEILM010(1.0),16/08/24 11:00:00,M,SA,TOTAL,T,THS_PER,IE,2024-01,127,
ESTAT:TEILM010(1.0),16/08/24 11:00:00,M,SA,TOTAL,T,THS_PER,IE,2024-02,117,
ESTAT:TEILM010(1.0),16/08/24 11:00:00,M,SA,TOTAL,T,THS_PER,IE,2024-03,119,
ESTAT:TEILM010(1.0),16/08/24 11:00:00,M,SA,TOTAL,T,THS_PER,IE,2024-04,123,
ESTAT:TEILM010(1.0),16/08/24 11:00:00,M,SA,TOTAL,T,THS_PER,IE,2024-05,126,
ESTAT:TEILM010(1.0),16/08/24 11:00:00,M,SA,TOTAL,T,THS_PER,IE,2024-06,129,
ESTAT:TEILM010(1.0),16/08/24 11:00:00,M,SA,TOTAL,T,THS_PER,IE,2024-07,136,
ESTAT:TEILM010(1.0),16/08/24 11:00:00,M,SA,TOTAL,T,THS_PER,IS,2023-08,7,
ESTAT:TEILM010(1.0),16/08/24 11:00:00,M,SA,TOTAL,T,THS_PER,IS,2023-09,9,
ESTAT:TEILM010(1.0),16/08/24 11:00:00,M,SA,TOTAL,T,THS_PER,IS,2023-10,8,
ESTAT:TEILM010(1.0),16/08/24 11:00:00,M,SA,TOTAL,T,THS_PER,IS,2023-11,8,
ESTAT:TEILM010(1.0),16/08/24 11:00:00,M,SA,TOTAL,T,THS_PER,IS,2023-12,9,
ESTAT:TEILM010(1.0),16/08/24 11:00:00,M,SA,TOTAL,T,THS_PER,IS,2024-01,10,
ESTAT:TEILM010(1.0),16/08/24 11:00:00,M,SA,TOTAL,T,THS_PER,IS,2024-02,8,
ESTAT:TEILM010(1.0),16/08/24 11:00:00,M,SA,TOTAL,T,THS_PER,IT,2023-08,1916,
ESTAT:TEILM010(1.0),16/08/24 11:00:00,M,SA,TOTAL,T,THS_PER,IT,2023-09,1950,
ESTAT:TEILM010(1.0),16/08/24 11:00:00,M,SA,TOTAL,T,THS_PER,IT,2023-10,1954,
ESTAT:TEILM010(1.0),16/08/24 11:00:00,M,SA,TOTAL,T,THS_PER,IT,2023-11,1912,
ESTAT:TEILM010(1.0),16/08/24 11:00:00,M,SA,TOTAL,T,THS_PER,IT,2023-12,1844,
ESTAT:TEILM010(1.0),16/08/24 11:00:00,M,SA,TOTAL,T,THS_PER,IT,2024-01,1839,
ESTAT:TEILM010(1.0),16/08/24 11:00:00,M,SA,TOTAL,T,THS_PER,IT,2024-02,1881,
ESTAT:TEILM010(1.0),16/08/24 11:00:00,M,SA,TOTAL,T,THS_PER,IT,2024-03,1817,
ESTAT:TEILM010(1.0),16/08/24 11:00:00,M,SA,TOTAL,T,THS_PER,IT,2024-04,1764,
ESTAT:TEILM010(1.0),16/08/24 11:00:00,M,SA,TOTAL,T,THS_PER,IT,2024-05,1769,
ESTAT:TEILM010(1.0),16/08/24 11:00:00,M,SA,TOTAL,T,THS_PER,IT,2024-06,1792,
ESTAT:TEILM010(1.0),16/08/24 11:00:00,M,SA,TOTAL,T,THS_PER,JP,2023-08,1830,
ESTAT:TEILM010(1.0),16/08/24 11:00:00,M,SA,TOTAL,T,THS_PER,JP,2023-09,1780,
ESTAT:TEILM010(1.0),16/08/24 11:00:00,M,SA,TOTAL,T,THS_PER,JP,2023-10,1760,
ESTAT:TEILM010(1.0),16/08/24 11:00:00,M,SA,TOTAL,T,THS_PER,JP,2023-11,1780,
ESTAT:TEILM010(1.0),16/08/24 11:00:00,M,SA,TOTAL,T,THS_PER,JP,2023-12,1720,
ESTAT:TEILM010(1.0),16/08/24 11:00:00,M,SA,TOTAL,T,THS_PER,JP,2024-01,1690,
ESTAT:TEILM010(1.0),16/08/24 11:00:00,M,SA,TOTAL,T,THS_PER,JP,2024-02,1820,
ESTAT:TEILM010(1.0),16/08/24 11:00:00,M,SA,TOTAL,T,THS_PER,JP,2024-03,1810,
ESTAT:TEILM010(1.0),16/08/24 11:00:00,M,SA,TOTAL,T,THS_PER,JP,2024-04,1820,
ESTAT:TEILM010(1.0),16/08/24 11:00:00,M,SA,TOTAL,T,THS_PER,JP,2024-05,1830,
ESTAT:TEILM010(1.0),16/08/24 11:00:00,M,SA,TOTAL,T,THS_PER,JP,2024-06,1760,
ESTAT:TEILM010(1.0),16/08/24 11:00:00,M,SA,TOTAL,T,THS_PER,LT,2023-08,108,
ESTAT:TEILM010(1.0),16/08/24 11:00:00,M,SA,TOTAL,T,THS_PER,LT,2023-09,111,
ESTAT:TEILM010(1.0),16/08/24 11:00:00,M,SA,TOTAL,T,THS_PER,LT,2023-10,114,
ESTAT:TEILM010(1.0),16/08/24 11:00:00,M,SA,TOTAL,T,THS_PER,LT,2023-11,113,
ESTAT:TEILM010(1.0),16/08/24 11:00:00,M,SA,TOTAL,T,THS_PER,LT,2023-12,109,
ESTAT:TEILM010(1.0),16/08/24 11:00:00,M,SA,TOTAL,T,THS_PER,LT,2024-01,116,
ESTAT:TEILM010(1.0),16/08/24 11:00:00,M,SA,TOTAL,T,THS_PER,LT,2024-02,118,
ESTAT:TEILM010(1.0),16/08/24 11:00:00,M,SA,TOTAL,T,THS_PER,LT,2024-03,119,
ESTAT:TEILM010(1.0),16/08/24 11:00:00,M,SA,TOTAL,T,THS_PER,LT,2024-04,119,
ESTAT:TEILM010(1.0),16/08/24 11:00:00,M,SA,TOTAL,T,THS_PER,LT,2024-05,122,
ESTAT:TEILM010(1.0),16/08/24 11:00:00,M,SA,TOTAL,T,THS_PER,LT,2024-06,131,
ESTAT:TEILM010(1.0),16/08/24 11:00:00,M,SA,TOTAL,T,THS_PER,LU,2023-08,18,
ESTAT:TEILM010(1.0),16/08/24 11:00:00,M,SA,TOTAL,T,THS_PER,LU,2023-09,19,
ESTAT:TEILM010(1.0),16/08/24 11:00:00,M,SA,TOTAL,T,THS_PER,LU,2023-10,19,
ESTAT:TEILM010(1.0),16/08/24 11:00:00,M,SA,TOTAL,T,THS_PER,LU,2023-11,19,
ESTAT:TEILM010(1.0),16/08/24 11:00:00,M,SA,TOTAL,T,THS_PER,LU,2023-12,19,
ESTAT:TEILM010(1.0),16/08/24 11:00:00,M,SA,TOTAL,T,THS_PER,LU,2024-01,19,
ESTAT:TEILM010(1.0),16/08/24 11:00:00,M,SA,TOTAL,T,THS_PER,LU,2024-02,19,
ESTAT:TEILM010(1.0),16/08/24 11:00:00,M,SA,TOTAL,T,THS_PER,LU,2024-03,19,
ESTAT:TEILM010(1.0),16/08/24 11:00:00,M,SA,TOTAL,T,THS_PER,LU,2024-04,19,
ESTAT:TEILM010(1.0),16/08/24 11:00:00,M,SA,TOTAL,T,THS_PER,LU,2024-05,19,
ESTAT:TEILM010(1.0),16/08/24 11:00:00,M,SA,TOTAL,T,THS_PER,LU,2024-06,19,
ESTAT:TEILM010(1.0),16/08/24 11:00:00,M,SA,TOTAL,T,THS_PER,LV,2023-08,62,
ESTAT:TEILM010(1.0),16/08/24 11:00:00,M,SA,TOTAL,T,THS_PER,LV,2023-09,63,
ESTAT:TEILM010(1.0),16/08/24 11:00:00,M,SA,TOTAL,T,THS_PER,LV,2023-10,64,
ESTAT:TEILM010(1.0),16/08/24 11:00:00,M,SA,TOTAL,T,THS_PER,LV,2023-11,66,
ESTAT:TEILM010(1.0),16/08/24 11:00:00,M,SA,TOTAL,T,THS_PER,LV,2023-12,67,
ESTAT:TEILM010(1.0),16/08/24 11:00:00,M,SA,TOTAL,T,THS_PER,LV,2024-01,66,
ESTAT:TEILM010(1.0),16/08/24 11:00:00,M,SA,TOTAL,T,THS_PER,LV,2024-02,66,
ESTAT:TEILM010(1.0),16/08/24 11:00:00,M,SA,TOTAL,T,THS_PER,LV,2024-03,65,
ESTAT:TEILM010(1.0),16/08/24 11:00:00,M,SA,TOTAL,T,THS_PER,LV,2024-04,65,
ESTAT:TEILM010(1.0),16/08/24 11:00:00,M,SA,TOTAL,T,THS_PER,LV,2024-05,64,
ESTAT:TEILM010(1.0),16/08/24 11:00:00,M,SA,TOTAL,T,THS_PER,LV,2024-06,63,
ESTAT:TEILM010(1.0),16/08/24 11:00:00,M,SA,TOTAL,T,THS_PER,MT,2023-08,10,
ESTAT:TEILM010(1.0),16/08/24 11:00:00,M,SA,TOTAL,T,THS_PER,MT,2023-09,10,
ESTAT:TEILM010(1.0),16/08/24 11:00:00,M,SA,TOTAL,T,THS_PER,MT,2023-10,9,
ESTAT:TEILM010(1.0),16/08/24 11:00:00,M,SA,TOTAL,T,THS_PER,MT,2023-11,9,
ESTAT:TEILM010(1.0),16/08/24 11:00:00,M,SA,TOTAL,T,THS_PER,MT,2023-12,9,
ESTAT:TEILM010(1.0),16/08/24 11:00:00,M,SA,TOTAL,T,THS_PER,MT,2024-01,10,
ESTAT:TEILM010(1.0),16/08/24 11:00:00,M,SA,TOTAL,T,THS_PER,MT,2024-02,10,
ESTAT:TEILM010(1.0),16/08/24 11:00:00,M,SA,TOTAL,T,THS_PER,MT,2024-03,10,
ESTAT:TEILM010(1.0),16/08/24 11:00:00,M,SA,TOTAL,T,THS_PER,MT,2024-04,10,
ESTAT:TEILM010(1.0),16/08/24 11:00:00,M,SA,TOTAL,T,THS_PER,MT,2024-05,10,
ESTAT:TEILM010(1.0),16/08/24 11:00:00,M,SA,TOTAL,T,THS_PER,MT,2024-06,10,
ESTAT:TEILM010(1.0),16/08/24 11:00:00,M,SA,TOTAL,T,THS_PER,NL,2023-08,364,
ESTAT:TEILM010(1.0),16/08/24 11:00:00,M,SA,TOTAL,T,THS_PER,NL,2023-09,371,
ESTAT:TEILM010(1.0),16/08/24 11:00:00,M,SA,TOTAL,T,THS_PER,NL,2023-10,361,
ESTAT:TEILM010(1.0),16/08/24 11:00:00,M,SA,TOTAL,T,THS_PER,NL,2023-11,357,
ESTAT:TEILM010(1.0),16/08/24 11:00:00,M,SA,TOTAL,T,THS_PER,NL,2023-12,361,
ESTAT:TEILM010(1.0),16/08/24 11:00:00,M,SA,TOTAL,T,THS_PER,NL,2024-01,368,
ESTAT:TEILM010(1.0),16/08/24 11:00:00,M,SA,TOTAL,T,THS_PER,NL,2024-02,379,
ESTAT:TEILM010(1.0),16/08/24 11:00:00,M,SA,TOTAL,T,THS_PER,NL,2024-03,371,
ESTAT:TEILM010(1.0),16/08/24 11:00:00,M,SA,TOTAL,T,THS_PER,NL,2024-04,375,
ESTAT:TEILM010(1.0),16/08/24 11:00:00,M,SA,TOTAL,T,THS_PER,NL,2024-05,367,
ESTAT:TEILM010(1.0),16/08/24 11:00:00,M,SA,TOTAL,T,THS_PER,NL,2024-06,370,
ESTAT:TEILM010(1.0),16/08/24 11:00:00,M,SA,TOTAL,T,THS_PER,NL,2024-07,370,
ESTAT:TEILM010(1.0),16/08/24 11:00:00,M,SA,TOTAL,T,THS_PER,NO,2023-08,109,
ESTAT:TEILM010(1.0),16/08/24 11:00:00,M,SA,TOTAL,T,THS_PER,NO,2023-09,106,
ESTAT:TEILM010(1.0),16/08/24 11:00:00,M,SA,TOTAL,T,THS_PER,NO,2023-10,110,
ESTAT:TEILM010(1.0),16/08/24 11:00:00,M,SA,TOTAL,T,THS_PER,NO,2023-11,115,
ESTAT:TEILM010(1.0),16/08/24 11:00:00,M,SA,TOTAL,T,THS_PER,NO,2023-12,109,
ESTAT:TEILM010(1.0),16/08/24 11:00:00,M,SA,TOTAL,T,THS_PER,NO,2024-01,131,
ESTAT:TEILM010(1.0),16/08/24 11:00:00,M,SA,TOTAL,T,THS_PER,NO,2024-02,103,
ESTAT:TEILM010(1.0),16/08/24 11:00:00,M,SA,TOTAL,T,THS_PER,NO,2024-03,120,
ESTAT:TEILM010(1.0),16/08/24 11:00:00,M,SA,TOTAL,T,THS_PER,NO,2024-04,130,
ESTAT:TEILM010(1.0),16/08/24 11:00:00,M,SA,TOTAL,T,THS_PER,NO,2024-05,123,
ESTAT:TEILM010(1.0),16/08/24 11:00:00,M,SA,TOTAL,T,THS_PER,NO,2024-06,124,
ESTAT:TEILM010(1.0),16/08/24 11:00:00,M,SA,TOTAL,T,THS_PER,PL,2023-08,496,
ESTAT:TEILM010(1.0),16/08/24 11:00:00,M,SA,TOTAL,T,THS_PER,PL,2023-09,509,
ESTAT:TEILM010(1.0),16/08/24 11:00:00,M,SA,TOTAL,T,THS_PER,PL,2023-10,533,
ESTAT:TEILM010(1.0),16/08/24 11:00:00,M,SA,TOTAL,T,THS_PER,PL,2023-11,541,
ESTAT:TEILM010(1.0),16/08/24 11:00:00,M,SA,TOTAL,T,THS_PER,PL,2023-12,537,
ESTAT:TEILM010(1.0),16/08/24 11:00:00,M,SA,TOTAL,T,THS_PER,PL,2024-01,520,
ESTAT:TEILM010(1.0),16/08/24 11:00:00,M,SA,TOTAL,T,THS_PER,PL,2024-02,517,
ESTAT:TEILM010(1.0),16/08/24 11:00:00,M,SA,TOTAL,T,THS_PER,PL,2024-03,523,
ESTAT:TEILM010(1.0),16/08/24 11:00:00,M,SA,TOTAL,T,THS_PER,PL,2024-04,528,
ESTAT:TEILM010(1.0),16/08/24 11:00:00,M,SA,TOTAL,T,THS_PER,PL,2024-05,530,
ESTAT:TEILM010(1.0),16/08/24 11:00:00,M,SA,TOTAL,T,THS_PER,PL,2024-06,532,
ESTAT:TEILM010(1.0),16/08/24 11:00:00,M,SA,TOTAL,T,THS_PER,PT,2023-08,334,
ESTAT:TEILM010(1.0),16/08/24 11:00:00,M,SA,TOTAL,T,THS_PER,PT,2023-09,346,
ESTAT:TEILM010(1.0),16/08/24 11:00:00,M,SA,TOTAL,T,THS_PER,PT,2023-10,354,
ESTAT:TEILM010(1.0),16/08/24 11:00:00,M,SA,TOTAL,T,THS_PER,PT,2023-11,347,
ESTAT:TEILM010(1.0),16/08/24 11:00:00,M,SA,TOTAL,T,THS_PER,PT,2023-12,348,
ESTAT:TEILM010(1.0),16/08/24 11:00:00,M,SA,TOTAL,T,THS_PER,PT,2024-01,352,
ESTAT:TEILM010(1.0),16/08/24 11:00:00,M,SA,TOTAL,T,THS_PER,PT,2024-02,354,
ESTAT:TEILM010(1.0),16/08/24 11:00:00,M,SA,TOTAL,T,THS_PER,PT,2024-03,347,
ESTAT:TEILM010(1.0),16/08/24 11:00:00,M,SA,TOTAL,T,THS_PER,PT,2024-04,344,
ESTAT:TEILM010(1.0),16/08/24 11:00:00,M,SA,TOTAL,T,THS_PER,PT,2024-05,348,
ESTAT:TEILM010(1.0),16/08/24 11:00:00,M,SA,TOTAL,T,THS_PER,PT,2024-06,361,
ESTAT:TEILM010(1.0),16/08/24 11:00:00,M,SA,TOTAL,T,THS_PER,RO,2023-08,449,
ESTAT:TEILM010(1.0),16/08/24 11:00:00,M,SA,TOTAL,T,THS_PER,RO,2023-09,455,
ESTAT:TEILM010(1.0),16/08/24 11:00:00,M,SA,TOTAL,T,THS_PER,RO,2023-10,454,
ESTAT:TEILM010(1.0),16/08/24 11:00:00,M,SA,TOTAL,T,THS_PER,RO,2023-11,449,
ESTAT:TEILM010(1.0),16/08/24 11:00:00,M,SA,TOTAL,T,THS_PER,RO,2023-12,459,
ESTAT:TEILM010(1.0),16/08/24 11:00:00,M,SA,TOTAL,T,THS_PER,RO,2024-01,460,
ESTAT:TEILM010(1.0),16/08/24 11:00:00,M,SA,TOTAL,T,THS_PER,RO,2024-02,441,
ESTAT:TEILM010(1.0),16/08/24 11:00:00,M,SA,TOTAL,T,THS_PER,RO,2024-03,440,
ESTAT:TEILM010(1.0),16/08/24 11:00:00,M,SA,TOTAL,T,THS_PER,RO,2024-04,444,
ESTAT:TEILM010(1.0),16/08/24 11:00:00,M,SA,TOTAL,T,THS_PER,RO,2024-05,452,
ESTAT:TEILM010(1.0),16/08/24 11:00:00,M,SA,TOTAL,T,THS_PER,RO,2024-06,447,
ESTAT:TEILM010(1.0),16/08/24 11:00:00,M,SA,TOTAL,T,THS_PER,SE,2023-08,464,
ESTAT:TEILM010(1.0),16/08/24 11:00:00,M,SA,TOTAL,T,THS_PER,SE,2023-09,469,
ESTAT:TEILM010(1.0),16/08/24 11:00:00,M,SA,TOTAL,T,THS_PER,SE,2023-10,452,
ESTAT:TEILM010(1.0),16/08/24 11:00:00,M,SA,TOTAL,T,THS_PER,SE,2023-11,453,
ESTAT:TEILM010(1.0),16/08/24 11:00:00,M,SA,TOTAL,T,THS_PER,SE,2023-12,469,
ESTAT:TEILM010(1.0),16/08/24 11:00:00,M,SA,TOTAL,T,THS_PER,SE,2024-01,469,
ESTAT:TEILM010(1.0),16/08/24 11:00:00,M,SA,TOTAL,T,THS_PER,SE,2024-02,460,
ESTAT:TEILM010(1.0),16/08/24 11:00:00,M,SA,TOTAL,T,THS_PER,SE,2024-03,492,
ESTAT:TEILM010(1.0),16/08/24 11:00:00,M,SA,TOTAL,T,THS_PER,SE,2024-04,489,
ESTAT:TEILM010(1.0),16/08/24 11:00:00,M,SA,TOTAL,T,THS_PER,SE,2024-05,462,
ESTAT:TEILM010(1.0),16/08/24 11:00:00,M,SA,TOTAL,T,THS_PER,SE,2024-06,471,
ESTAT:TEILM010(1.0),16/08/24 11:00:00,M,SA,TOTAL,T,THS_PER,SI,2023-08,39,
ESTAT:TEILM010(1.0),16/08/24 11:00:00,M,SA,TOTAL,T,THS_PER,SI,2023-09,38,
ESTAT:TEILM010(1.0),16/08/24 11:00:00,M,SA,TOTAL,T,THS_PER,SI,2023-10,37,
ESTAT:TEILM010(1.0),16/08/24 11:00:00,M,SA,TOTAL,T,THS_PER,SI,2023-11,36,
ESTAT:TEILM010(1.0),16/08/24 11:00:00,M,SA,TOTAL,T,THS_PER,SI,2023-12,35,
ESTAT:TEILM010(1.0),16/08/24 11:00:00,M,SA,TOTAL,T,THS_PER,SI,2024-01,35,
ESTAT:TEILM010(1.0),16/08/24 11:00:00,M,SA,TOTAL,T,THS_PER,SI,2024-02,34,
ESTAT:TEILM010(1.0),16/08/24 11:00:00,M,SA,TOTAL,T,THS_PER,SI,2024-03,34,
ESTAT:TEILM010(1.0),16/08/24 11:00:00,M,SA,TOTAL,T,THS_PER,SI,2024-04,34,
ESTAT:TEILM010(1.0),16/08/24 11:00:00,M,SA,TOTAL,T,THS_PER,SI,2024-05,33,
ESTAT:TEILM010(1.0),16/08/24 11:00:00,M,SA,TOTAL,T,THS_PER,SI,2024-06,32,
ESTAT:TEILM010(1.0),16/08/24 11:00:00,M,SA,TOTAL,T,THS_PER,SK,2023-08,162,
ESTAT:TEILM010(1.0),16/08/24 11:00:00,M,SA,TOTAL,T,THS_PER,SK,2023-09,160,
ESTAT:TEILM010(1.0),16/08/24 11:00:00,M,SA,TOTAL,T,THS_PER,SK,2023-10,157,
ESTAT:TEILM010(1.0),16/08/24 11:00:00,M,SA,TOTAL,T,THS_PER,SK,2023-11,155,
ESTAT:TEILM010(1.0),16/08/24 11:00:00,M,SA,TOTAL,T,THS_PER,SK,2023-12,155,
ESTAT:TEILM010(1.0),16/08/24 11:00:00,M,SA,TOTAL,T,THS_PER,SK,2024-01,156,
ESTAT:TEILM010(1.0),16/08/24 11:00:00,M,SA,TOTAL,T,THS_PER,SK,2024-02,155,
ESTAT:TEILM010(1.0),16/08/24 11:00:00,M,SA,TOTAL,T,THS_PER,SK,2024-03,155,
ESTAT:TEILM010(1.0),16/08/24 11:00:00,M,SA,TOTAL,T,THS_PER,SK,2024-04,154,
ESTAT:TEILM010(1.0),16/08/24 11:00:00,M,SA,TOTAL,T,THS_PER,SK,2024-05,154,
ESTAT:TEILM010(1.0),16/08/24 11:00:00,M,SA,TOTAL,T,THS_PER,SK,2024-06,153,
ESTAT:TEILM010(1.0),16/08/24 11:00:00,M,SA,TOTAL,T,THS_PER,TR,2023-08,3208,
ESTAT:TEILM010(1.0),16/08/24 11:00:00,M,SA,TOTAL,T,THS_PER,TR,2023-09,3162,
ESTAT:TEILM010(1.0),16/08/24 11:00:00,M,SA,TOTAL,T,THS_PER,TR,2023-10,2994,
ESTAT:TEILM010(1.0),16/08/24 11:00:00,M,SA,TOTAL,T,THS_PER,TR,2023-11,3121,
ESTAT:TEILM010(1.0),16/08/24 11:00:00,M,SA,TOTAL,T,THS_PER,TR,2023-12,3103,
ESTAT:TEILM010(1.0),16/08/24 11:00:00,M,SA,TOTAL,T,THS_PER,TR,2024-01,3183,
ESTAT:TEILM010(1.0),16/08/24 11:00:00,M,SA,TOTAL,T,THS_PER,TR,2024-02,3072,
ESTAT:TEILM010(1.0),16/08/24 11:00:00,M,SA,TOTAL,T,THS_PER,TR,2024-03,3058,
ESTAT:TEILM010(1.0),16/08/24 11:00:00,M,SA,TOTAL,T,THS_PER,TR,2024-04,3038,
ESTAT:TEILM010(1.0),16/08/24 11:00:00,M,SA,TOTAL,T,THS_PER,TR,2024-05,3011,
ESTAT:TEILM010(1.0),16/08/24 11:00:00,M,SA,TOTAL,T,THS_PER,US,2023-08,6288,
ESTAT:TEILM010(1.0),16/08/24 11:00:00,M,SA,TOTAL,T,THS_PER,US,2023-09,6279,
ESTAT:TEILM010(1.0),16/08/24 11:00:00,M,SA,TOTAL,T,THS_PER,US,2023-10,6446,
ESTAT:TEILM010(1.0),16/08/24 11:00:00,M,SA,TOTAL,T,THS_PER,US,2023-11,6289,
ESTAT:TEILM010(1.0),16/08/24 11:00:00,M,SA,TOTAL,T,THS_PER,US,2023-12,6339,
ESTAT:TEILM010(1.0),16/08/24 11:00:00,M,SA,TOTAL,T,THS_PER,US,2024-01,6202,
ESTAT:TEILM010(1.0),16/08/24 11:00:00,M,SA,TOTAL,T,THS_PER,US,2024-02,6556,
ESTAT:TEILM010(1.0),16/08/24 11:00:00,M,SA,TOTAL,T,THS_PER,US,2024-03,6432,
ESTAT:TEILM010(1.0),16/08/24 11:00:00,M,SA,TOTAL,T,THS_PER,US,2024-04,6436,
ESTAT:TEILM010(1.0),16/08/24 11:00:00,M,SA,TOTAL,T,THS_PER,US,2024-05,6614,
ESTAT:TEILM010(1.0),16/08/24 11:00:00,M,SA,TOTAL,T,THS_PER,US,2024-06,6807,
